[19:56:19] [main/INFO] [LaunchWrapper]: Loading tweak class name net.minecraftforge.fml.common.launcher.FMLTweaker
[19:56:19] [main/INFO] [LaunchWrapper]: Using primary tweak class name net.minecraftforge.fml.common.launcher.FMLTweaker
[19:56:19] [main/INFO] [LaunchWrapper]: Calling tweak class net.minecraftforge.fml.common.launcher.FMLTweaker
[19:56:19] [main/INFO] [FML]: Forge Mod Loader version 14.23.5.2859 for Minecraft 1.12.2 loading
[19:56:19] [main/INFO] [FML]: Java is Java HotSpot(TM) 64-Bit Server VM, version 1.8.0_471, running on Windows 11:amd64:10.0, installed at F:\jre8
[19:56:19] [main/INFO] [FML]: Searching C:\Users\Arigadam\mmc-develop-win32\MultiMC\instances\MegaSborka 1.12.2\.minecraft\mods for mods
[19:56:19] [main/INFO] [FML]: Loading tweaker org.spongepowered.asm.launch.MixinTweaker from !mixinbooter-10.7.jar
[19:56:19] [main/INFO] [FML]: Loading tweaker org.spongepowered.asm.launch.MixinTweaker from 1.12.2-SecurityCraft-v1.10.1.jar
[19:56:19] [main/WARN] [FML]: Found FMLCorePluginContainsFMLMod marker in Forgelin_1.8.4.jar. This is not recommended, @Mods should be in a separate jar from the coremod.
[19:56:19] [main/WARN] [FML]: The coremod net.shadowfacts.forgelin.preloader.ForgelinPlugin does not have a MCVersion annotation, it may cause issues with this version of Minecraft
[19:56:19] [main/WARN] [FML]: The coremod ForgelinPlugin (net.shadowfacts.forgelin.preloader.ForgelinPlugin) is not signed!
[19:56:19] [main/WARN] [FML]: The coremod micdoodle8.mods.miccore.MicdoodlePlugin does not have a MCVersion annotation, it may cause issues with this version of Minecraft
[19:56:19] [main/WARN] [FML]: The coremod MicdoodlePlugin (micdoodle8.mods.miccore.MicdoodlePlugin) is not signed!
[19:56:19] [main/INFO] [FML]: Loading tweaker optifine.OptiFineForgeTweaker from OptiFine_1.12.2_HD_U_G5.jar
[19:56:19] [main/WARN] [FML]: Found FMLCorePluginContainsFMLMod marker in stevekung-lib-mc1.12.2-v1.4.0.jar. This is not recommended, @Mods should be in a separate jar from the coremod.
[19:56:19] [main/WARN] [FML]: The coremod SteveKunGLib Core (com.stevekung.lib.core.SteveKunGLibPlugin) is not signed!
[19:56:19] [main/INFO] [LaunchWrapper]: Loading tweak class name net.minecraftforge.fml.common.launcher.FMLInjectionAndSortingTweaker
[19:56:19] [main/INFO] [LaunchWrapper]: Loading tweak class name org.spongepowered.asm.launch.MixinTweaker
[19:56:19] [main/INFO] [mixin]: SpongePowered MIXIN Subsystem Version=0.8.7 Source=file:/C:/Users/Arigadam/mmc-develop-win32/MultiMC/instances/MegaSborka%201.12.2/.minecraft/mods/!mixinbooter-10.7.jar Service=LaunchWrapper Env=CLIENT
[19:56:20] [main/WARN] [FML]: The coremod zone.rong.mixinbooter.MixinBooterPlugin does not have a MCVersion annotation, it may cause issues with this version of Minecraft
[19:56:20] [main/WARN] [FML]: The coremod MixinBooter (zone.rong.mixinbooter.MixinBooterPlugin) is not signed!
[19:56:20] [main/INFO] [MixinBooter]: Initializing Mixins...
[19:56:20] [main/INFO] [mixin]: Compatibility level set to JAVA_8
[19:56:20] [main/INFO] [MixinBooter]: Initializing MixinExtras...
[19:56:20] [main/INFO] [MixinBooter]: Gathering present mods...
[19:56:20] [main/INFO] [MixinBooter]: Finished gathering 4 coremods...
[19:56:20] [main/WARN] [FML]: The coremod SecurityCraftLoadingPlugin (net.geforcemods.securitycraft.SecurityCraftLoadingPlugin) is not signed!
[19:56:20] [main/WARN] [LaunchWrapper]: Tweak class name org.spongepowered.asm.launch.MixinTweaker has already been visited -- skipping
[19:56:20] [main/INFO] [LaunchWrapper]: Loading tweak class name optifine.OptiFineForgeTweaker
[19:56:20] [main/INFO] [LaunchWrapper]: Loading tweak class name net.minecraftforge.fml.common.launcher.FMLDeobfTweaker
[19:56:20] [main/INFO] [LaunchWrapper]: Calling tweak class net.minecraftforge.fml.common.launcher.FMLInjectionAndSortingTweaker
[19:56:20] [main/INFO] [LaunchWrapper]: Calling tweak class net.minecraftforge.fml.common.launcher.FMLInjectionAndSortingTweaker
[19:56:20] [main/INFO] [LaunchWrapper]: Calling tweak class optifine.OptiFineForgeTweaker
[19:56:20] [main/INFO] [STDOUT]: [optifine.OptiFineForgeTweaker:dbg:56]: OptiFineForgeTweaker: acceptOptions
[19:56:20] [main/INFO] [STDOUT]: [optifine.OptiFineForgeTweaker:dbg:56]: OptiFineForgeTweaker: injectIntoClassLoader
[19:56:20] [main/INFO] [STDOUT]: [optifine.OptiFineClassTransformer:dbg:242]: OptiFine ClassTransformer
[19:56:20] [main/INFO] [STDOUT]: [optifine.OptiFineClassTransformer:dbg:242]: OptiFine ZIP file: C:\Users\Arigadam\mmc-develop-win32\MultiMC\instances\MegaSborka 1.12.2\.minecraft\mods\OptiFine_1.12.2_HD_U_G5.jar
[19:56:20] [main/INFO] [LaunchWrapper]: Calling tweak class net.minecraftforge.fml.relauncher.CoreModManager$FMLPluginWrapper
[19:56:21] [main/INFO] [FML]: Found valid fingerprint for Minecraft Forge. Certificate fingerprint e3c3d50c7c986df74c645c0ac54639741c90a557
[19:56:21] [main/INFO] [FML]: Found valid fingerprint for Minecraft. Certificate fingerprint cd99959656f753dc28d863b46769f7f8fbaefcfc
[19:56:21] [main/INFO] [LaunchWrapper]: Calling tweak class net.minecraftforge.fml.relauncher.CoreModManager$FMLPluginWrapper
[19:56:21] [main/INFO] [LaunchWrapper]: Calling tweak class net.minecraftforge.fml.relauncher.CoreModManager$FMLPluginWrapper
[19:56:21] [main/INFO] [LaunchWrapper]: Calling tweak class net.minecraftforge.fml.relauncher.CoreModManager$FMLPluginWrapper
[19:56:21] [main/INFO] [STDOUT]: [micdoodle8.mods.miccore.MicdoodlePlugin:getASMTransformerClass:99]: Successfully Registered Transformer
[19:56:22] [main/INFO] [STDOUT]: [micdoodle8.mods.miccore.MicdoodlePlugin:injectData:292]: [Micdoodle8Core]: Patching game...
[19:56:22] [main/INFO] [STDOUT]: [micdoodle8.mods.miccore.MicdoodlePlugin:injectData:292]: [Micdoodle8Core]: Patching game...
[19:56:22] [main/INFO] [LaunchWrapper]: Calling tweak class net.minecraftforge.fml.relauncher.CoreModManager$FMLPluginWrapper
[19:56:22] [main/INFO] [LaunchWrapper]: Calling tweak class org.spongepowered.asm.launch.MixinTweaker
[19:56:22] [main/INFO] [mixin]: Initialised Mixin FML Remapper Adapter with net.minecraftforge.fml.common.asm.transformers.deobf.FMLDeobfuscatingRemapper@538e74fc
[19:56:22] [main/INFO] [MixinBooter]: Loading early loader com.stevekung.lib.core.SteveKunGLibPlugin for its mixins.
[19:56:22] [main/INFO] [MixinBooter]: Adding [mixins.stevekung_lib.json] mixin configuration.
[19:56:22] [main/INFO] [LaunchWrapper]: Calling tweak class net.minecraftforge.fml.common.launcher.FMLDeobfTweaker
[19:56:22] [main/INFO] [LaunchWrapper]: Loading tweak class name net.minecraftforge.fml.common.launcher.TerminalTweaker
[19:56:22] [main/INFO] [LaunchWrapper]: Loading tweak class name org.spongepowered.asm.mixin.EnvironmentStateTweaker
[19:56:22] [main/INFO] [LaunchWrapper]: Calling tweak class net.minecraftforge.fml.common.launcher.TerminalTweaker
[19:56:22] [main/INFO] [LaunchWrapper]: Calling tweak class org.spongepowered.asm.mixin.EnvironmentStateTweaker
[19:56:22] [main/INFO] [STDOUT]: [optifine.OptiFineForgeTweaker:dbg:56]: OptiFineForgeTweaker: getLaunchArguments
[19:56:22] [main/INFO] [LaunchWrapper]: Launching wrapped minecraft {net.minecraft.client.main.Main}
[19:56:23] [main/INFO] [MixinExtras|Service]: Initializing MixinExtras via com.llamalad7.mixinextras.service.MixinExtrasServiceImpl(version=0.5.0).
[19:56:24] [Client thread/INFO] [net.minecraft.client.Minecraft]: Setting user: Arigadam
[19:56:25] [Client thread/INFO] [net.optifine.reflect.Reflector]: [OptiFine] *** Reflector Forge ***
[19:56:26] [Client thread/INFO] [net.optifine.reflect.Reflector]: [OptiFine] *** Reflector Vanilla ***
[19:56:26] [Client thread/WARN] [net.minecraft.client.settings.GameSettings]: Skipping bad option: lastServer:
[19:56:26] [Client thread/INFO] [net.minecraft.client.Minecraft]: LWJGL Version: 2.9.4
[19:56:26] [Client thread/INFO] [Config]: [OptiFine] 
[19:56:26] [Client thread/INFO] [Config]: [OptiFine] OptiFine_1.12.2_HD_U_G5
[19:56:26] [Client thread/INFO] [Config]: [OptiFine] Build: 20210124-142939
[19:56:26] [Client thread/INFO] [Config]: [OptiFine] OS: Windows 11 (amd64) version 10.0
[19:56:26] [Client thread/INFO] [Config]: [OptiFine] Java: 1.8.0_471, Oracle Corporation
[19:56:26] [Client thread/INFO] [Config]: [OptiFine] VM: Java HotSpot(TM) 64-Bit Server VM (mixed mode), Oracle Corporation
[19:56:26] [Client thread/INFO] [Config]: [OptiFine] LWJGL: 2.9.4
[19:56:26] [Client thread/INFO] [Config]: [OptiFine] OpenGL: NVIDIA GeForce RTX 4060 Laptop GPU/PCIe/SSE2, version 4.6.0 NVIDIA 591.86, NVIDIA Corporation
[19:56:26] [Client thread/INFO] [Config]: [OptiFine] OpenGL Version: 4.6.0
[19:56:26] [Client thread/INFO] [Config]: [OptiFine] Maximum texture size: 32768x32768
[19:56:26] [VersionCheck/INFO] [Config]: [OptiFine] Checking for new version
[19:56:26] [Client thread/INFO] [net.optifine.shaders.SMCLog]: [Shaders] OpenGL Version: 4.6.0 NVIDIA 591.86
[19:56:26] [Client thread/INFO] [net.optifine.shaders.SMCLog]: [Shaders] Vendor:  NVIDIA Corporation
[19:56:26] [Client thread/INFO] [net.optifine.shaders.SMCLog]: [Shaders] Renderer: NVIDIA GeForce RTX 4060 Laptop GPU/PCIe/SSE2
[19:56:26] [Client thread/INFO] [net.optifine.shaders.SMCLog]: [Shaders] Capabilities:  2.0  2.1  3.0  3.2  4.0 
[19:56:26] [Client thread/INFO] [net.optifine.shaders.SMCLog]: [Shaders] GL_MAX_DRAW_BUFFERS: 8
[19:56:26] [Client thread/INFO] [net.optifine.shaders.SMCLog]: [Shaders] GL_MAX_COLOR_ATTACHMENTS_EXT: 8
[19:56:26] [Client thread/INFO] [net.optifine.shaders.SMCLog]: [Shaders] GL_MAX_TEXTURE_IMAGE_UNITS: 32
[19:56:26] [Client thread/INFO] [net.optifine.shaders.SMCLog]: [Shaders] Load shaders configuration.
[19:56:26] [Client thread/INFO] [net.optifine.shaders.SMCLog]: [Shaders] Save shaders configuration.
[19:56:26] [Client thread/INFO] [net.optifine.shaders.SMCLog]: [Shaders] No shaderpack loaded.
[19:56:26] [VersionCheck/INFO] [Config]: [OptiFine] Version found: G5
[19:56:26] [Client thread/INFO] [Config]: [OptiFine] [Shaders] Delayed loading of block mappings after resources are loaded
[19:56:26] [Client thread/INFO] [Config]: [OptiFine] [Shaders] Delayed loading of item mappings after resources are loaded
[19:56:26] [Client thread/INFO] [Config]: [OptiFine] [Shaders] Delayed loading of entity mappings after resources are loaded
[19:56:27] [Client thread/INFO] [FML]: Forge Mod Loader has detected optifine OptiFine_1.12.2_HD_U_G5, enabling compatibility features
[19:56:27] [Client thread/INFO] [FML]: -- System Details --
Details:
	Minecraft Version: 1.12.2
	Operating System: Windows 11 (amd64) version 10.0
	Java Version: 1.8.0_471, Oracle Corporation
	Java VM Version: Java HotSpot(TM) 64-Bit Server VM (mixed mode), Oracle Corporation
	Memory: 858090208 bytes (818 MB) / 1064304640 bytes (1015 MB) up to 1908932608 bytes (1820 MB)
	JVM Flags: 3 total; -XX:HeapDumpPath=MojangTricksIntelDriversForPerformance_javaw.exe_minecraft.exe.heapdump -Xms512m -Xmx2048m
	IntCache: cache: 0, tcache: 0, allocated: 0, tallocated: 0
	FML: 
	Loaded coremods (and transformers): 
ForgelinPlugin (Forgelin_1.8.4.jar)
  
MixinBooter (!mixinbooter-10.7.jar)
  
SecurityCraftLoadingPlugin (1.12.2-SecurityCraft-v1.10.1.jar)
  
MicdoodlePlugin (MicdoodleCore-1.12.2-4.0.2.280.jar)
  micdoodle8.mods.miccore.MicdoodleTransformer
SteveKunGLib Core (stevekung-lib-mc1.12.2-v1.4.0.jar)
  
	GL info: ' Vendor: 'NVIDIA Corporation' Version: '4.6.0 NVIDIA 591.86' Renderer: 'NVIDIA GeForce RTX 4060 Laptop GPU/PCIe/SSE2'
[19:56:27] [Client thread/INFO] [FML]: MinecraftForge v14.23.5.2859 Initialized
[19:56:27] [Client thread/INFO] [FML]: Starts to replace vanilla recipe ingredients with ore ingredients.
[19:56:27] [Client thread/INFO] [FML]: Invalid recipe found with multiple oredict ingredients in the same ingredient...
[19:56:27] [Client thread/INFO] [FML]: Replaced 1227 ore ingredients
[19:56:27] [Client thread/INFO] [MixinBooter]: Initializing MixinBooter's Mod Container.
[19:56:27] [Client thread/INFO] [FML]: Searching C:\Users\Arigadam\mmc-develop-win32\MultiMC\instances\MegaSborka 1.12.2\.minecraft\mods for mods
[19:56:29] [Client thread/WARN] [FML]: Mod securitycraft is missing the required element 'version' and a version.properties file could not be found. Falling back to metadata version v1.10.1
[19:56:29] [Thread-3/INFO] [FML]: Using sync timing. 200 frames of Display.update took 90533600 nanos
[19:56:30] [Client thread/INFO] [FML]: Forge Mod Loader has identified 24 mods to load
[19:56:30] [Client thread/INFO] [FML]: Attempting connection with missing mods [minecraft, mcp, FML, forge, micdoodlecore, mixinbooter, securitycraft, adminshop, alchemistry, alib, computercraft, extraplanets, forgelin, galacticraftplanets, galacticraftcore, ic2additions, ic2, jei, justsanwich, mjrlegendslib, money, stevekung_lib, techguns, ropebridge] at CLIENT
[19:56:30] [Client thread/INFO] [FML]: Attempting connection with missing mods [minecraft, mcp, FML, forge, micdoodlecore, mixinbooter, securitycraft, adminshop, alchemistry, alib, computercraft, extraplanets, forgelin, galacticraftplanets, galacticraftcore, ic2additions, ic2, jei, justsanwich, mjrlegendslib, money, stevekung_lib, techguns, ropebridge] at SERVER
[19:56:32] [Client thread/WARN] [FML]: Patcher expecting empty class data file for net.minecraft.block.state.BlockStateContainer$Builder, but received non-empty
[19:56:33] [Client thread/INFO] [net.minecraft.client.resources.SimpleReloadableResourceManager]: Reloading ResourceManager: Default, FMLFileResourcePack:Forge Mod Loader, FMLFileResourcePack:Minecraft Forge, FMLFileResourcePack:SecurityCraft, FMLFileResourcePack:Admin Shop, FMLFileResourcePack:Alchemistry, FMLFileResourcePack:A Lib, FMLFileResourcePack:ComputerCraft, FMLFileResourcePack:Extra Planets, FMLFileResourcePack:Shadowfacts' Forgelin, FMLFileResourcePack:Galacticraft Planets, FMLFileResourcePack:Galacticraft Core, FMLFileResourcePack:IC2Additions, FMLFileResourcePack:IndustrialCraft 2, FMLFileResourcePack:Just Enough Items, FMLFileResourcePack:Just Sanwich, FMLFileResourcePack:MJRLegendsLib, FMLFileResourcePack:money, FMLFileResourcePack:SteveKunG's Lib, FMLFileResourcePack:Techguns Community Edition, FMLFileResourcePack:Rope Bridge, splash
[19:56:33] [Client thread/INFO] [FML]: Processing ObjectHolder annotations
[19:56:33] [Client thread/INFO] [FML]: Found 1237 ObjectHolder annotations
[19:56:33] [Client thread/INFO] [FML]: Identifying ItemStackHolder annotations
[19:56:33] [Client thread/INFO] [FML]: Found 0 ItemStackHolder annotations
[19:56:33] [Client thread/INFO] [FML]: Configured a dormant chunk cache size of 0
[19:56:33] [Forge Version Check/INFO] [forge.VersionCheck]: [techguns] Starting version check at https://raw.githubusercontent.com/pWn3d1337/Techguns2/master/update.json
[19:56:34] [Client thread/INFO] [STDOUT]: [com.vnator.adminshop.AdminShop:preInit:56]: Admin Shop is loading!
[19:56:34] [Forge Version Check/INFO] [forge.VersionCheck]: [techguns] Found status: AHEAD Target: null
[19:56:34] [Forge Version Check/INFO] [forge.VersionCheck]: [stevekung_lib] Starting version check at https://raw.githubusercontent.com/SteveKunG/VersionCheckLibrary/master/stevekung's_lib_version.json
[19:56:35] [Forge Version Check/INFO] [forge.VersionCheck]: [stevekung_lib] Found status: AHEAD Target: null
[19:56:35] [Forge Version Check/INFO] [forge.VersionCheck]: [forge] Starting version check at http://files.minecraftforge.net/maven/net/minecraftforge/forge/promotions_slim.json
[19:56:35] [Client thread/INFO] [FML]: OBJLoader: Domain alchemistry has been added.
[19:56:35] [Forge Version Check/INFO] [forge.VersionCheck]: [forge] Found status: UP_TO_DATE Target: null
[19:56:35] [Forge Version Check/INFO] [forge.VersionCheck]: [securitycraft] Starting version check at https://www.github.com/Geforce132/SecurityCraft/raw/master/Updates/Forge.json
[19:56:35] [Client thread/INFO] [STDERR]: [com.ic2additions.init.TesRegistry:buildDummies:133]: java.lang.NullPointerException
[19:56:35] [Client thread/INFO] [STDERR]: [com.ic2additions.init.TesRegistry:buildDummies:133]: 	at ic2.core.block.wiring.TileEntityTransformer.<init>(TileEntityTransformer.java:39)
[19:56:35] [Client thread/INFO] [STDERR]: [com.ic2additions.init.TesRegistry:buildDummies:133]: 	at com.ic2additions.tilentity.transformers.TileEntityTransformerIV.<init>(TileEntityTransformerIV.java:6)
[19:56:35] [Client thread/INFO] [STDERR]: [com.ic2additions.init.TesRegistry:buildDummies:133]: 	at sun.reflect.NativeConstructorAccessorImpl.newInstance0(Native Method)
[19:56:35] [Client thread/INFO] [STDERR]: [com.ic2additions.init.TesRegistry:buildDummies:133]: 	at sun.reflect.NativeConstructorAccessorImpl.newInstance(Unknown Source)
[19:56:35] [Client thread/INFO] [STDERR]: [com.ic2additions.init.TesRegistry:buildDummies:133]: 	at sun.reflect.DelegatingConstructorAccessorImpl.newInstance(Unknown Source)
[19:56:35] [Client thread/INFO] [STDERR]: [com.ic2additions.init.TesRegistry:buildDummies:133]: 	at java.lang.reflect.Constructor.newInstance(Unknown Source)
[19:56:35] [Client thread/INFO] [STDERR]: [com.ic2additions.init.TesRegistry:buildDummies:133]: 	at java.lang.Class.newInstance(Unknown Source)
[19:56:35] [Client thread/INFO] [STDERR]: [com.ic2additions.init.TesRegistry:buildDummies:133]: 	at com.ic2additions.init.TesRegistry.buildDummies(TesRegistry.java:131)
[19:56:35] [Client thread/INFO] [STDERR]: [com.ic2additions.init.TesRegistry:buildDummies:133]: 	at com.ic2additions.event.EventHandlerRegisterTeBlock.on(EventHandlerRegisterTeBlock.java:40)
[19:56:35] [Client thread/INFO] [STDERR]: [com.ic2additions.init.TesRegistry:buildDummies:133]: 	at net.minecraftforge.fml.common.eventhandler.ASMEventHandler_94_EventHandlerRegisterTeBlock_on_TeBlockFinalCallEvent.invoke(.dynamic)
[19:56:35] [Client thread/INFO] [STDERR]: [com.ic2additions.init.TesRegistry:buildDummies:133]: 	at net.minecraftforge.fml.common.eventhandler.ASMEventHandler.invoke(ASMEventHandler.java:90)
[19:56:35] [Client thread/INFO] [STDERR]: [com.ic2additions.init.TesRegistry:buildDummies:133]: 	at net.minecraftforge.fml.common.eventhandler.EventBus.post(EventBus.java:182)
[19:56:35] [Client thread/INFO] [STDERR]: [com.ic2additions.init.TesRegistry:buildDummies:133]: 	at ic2.core.block.TeBlockRegistry.buildBlocks(TeBlockRegistry.java:223)
[19:56:35] [Client thread/INFO] [STDERR]: [com.ic2additions.init.TesRegistry:buildDummies:133]: 	at ic2.core.init.BlocksItems.initBlocks(BlocksItems.java:171)
[19:56:35] [Client thread/INFO] [STDERR]: [com.ic2additions.init.TesRegistry:buildDummies:133]: 	at ic2.core.init.BlocksItems.init(BlocksItems.java:157)
[19:56:35] [Client thread/INFO] [STDERR]: [com.ic2additions.init.TesRegistry:buildDummies:133]: 	at ic2.core.IC2.load(IC2.java:222)
[19:56:35] [Client thread/INFO] [STDERR]: [com.ic2additions.init.TesRegistry:buildDummies:133]: 	at sun.reflect.NativeMethodAccessorImpl.invoke0(Native Method)
[19:56:35] [Client thread/INFO] [STDERR]: [com.ic2additions.init.TesRegistry:buildDummies:133]: 	at sun.reflect.NativeMethodAccessorImpl.invoke(Unknown Source)
[19:56:35] [Client thread/INFO] [STDERR]: [com.ic2additions.init.TesRegistry:buildDummies:133]: 	at sun.reflect.DelegatingMethodAccessorImpl.invoke(Unknown Source)
[19:56:35] [Client thread/INFO] [STDERR]: [com.ic2additions.init.TesRegistry:buildDummies:133]: 	at java.lang.reflect.Method.invoke(Unknown Source)
[19:56:35] [Client thread/INFO] [STDERR]: [com.ic2additions.init.TesRegistry:buildDummies:133]: 	at net.minecraftforge.fml.common.FMLModContainer.handleModStateEvent(FMLModContainer.java:637)
[19:56:35] [Client thread/INFO] [STDERR]: [com.ic2additions.init.TesRegistry:buildDummies:133]: 	at sun.reflect.GeneratedMethodAccessor10.invoke(Unknown Source)
[19:56:35] [Client thread/INFO] [STDERR]: [com.ic2additions.init.TesRegistry:buildDummies:133]: 	at sun.reflect.DelegatingMethodAccessorImpl.invoke(Unknown Source)
[19:56:35] [Client thread/INFO] [STDERR]: [com.ic2additions.init.TesRegistry:buildDummies:133]: 	at java.lang.reflect.Method.invoke(Unknown Source)
[19:56:35] [Client thread/INFO] [STDERR]: [com.ic2additions.init.TesRegistry:buildDummies:133]: 	at com.google.common.eventbus.Subscriber.invokeSubscriberMethod(Subscriber.java:91)
[19:56:35] [Client thread/INFO] [STDERR]: [com.ic2additions.init.TesRegistry:buildDummies:133]: 	at com.google.common.eventbus.Subscriber$SynchronizedSubscriber.invokeSubscriberMethod(Subscriber.java:150)
[19:56:35] [Client thread/INFO] [STDERR]: [com.ic2additions.init.TesRegistry:buildDummies:133]: 	at com.google.common.eventbus.Subscriber$1.run(Subscriber.java:76)
[19:56:35] [Client thread/INFO] [STDERR]: [com.ic2additions.init.TesRegistry:buildDummies:133]: 	at com.google.common.util.concurrent.MoreExecutors$DirectExecutor.execute(MoreExecutors.java:399)
[19:56:35] [Client thread/INFO] [STDERR]: [com.ic2additions.init.TesRegistry:buildDummies:133]: 	at com.google.common.eventbus.Subscriber.dispatchEvent(Subscriber.java:71)
[19:56:35] [Client thread/INFO] [STDERR]: [com.ic2additions.init.TesRegistry:buildDummies:133]: 	at com.google.common.eventbus.Dispatcher$PerThreadQueuedDispatcher.dispatch(Dispatcher.java:116)
[19:56:35] [Client thread/INFO] [STDERR]: [com.ic2additions.init.TesRegistry:buildDummies:133]: 	at com.google.common.eventbus.EventBus.post(EventBus.java:217)
[19:56:35] [Client thread/INFO] [STDERR]: [com.ic2additions.init.TesRegistry:buildDummies:133]: 	at net.minecraftforge.fml.common.LoadController.sendEventToModContainer(LoadController.java:219)
[19:56:35] [Client thread/INFO] [STDERR]: [com.ic2additions.init.TesRegistry:buildDummies:133]: 	at net.minecraftforge.fml.common.LoadController.propogateStateMessage(LoadController.java:197)
[19:56:35] [Client thread/INFO] [STDERR]: [com.ic2additions.init.TesRegistry:buildDummies:133]: 	at sun.reflect.NativeMethodAccessorImpl.invoke0(Native Method)
[19:56:35] [Client thread/INFO] [STDERR]: [com.ic2additions.init.TesRegistry:buildDummies:133]: 	at sun.reflect.NativeMethodAccessorImpl.invoke(Unknown Source)
[19:56:35] [Client thread/INFO] [STDERR]: [com.ic2additions.init.TesRegistry:buildDummies:133]: 	at sun.reflect.DelegatingMethodAccessorImpl.invoke(Unknown Source)
[19:56:35] [Client thread/INFO] [STDERR]: [com.ic2additions.init.TesRegistry:buildDummies:133]: 	at java.lang.reflect.Method.invoke(Unknown Source)
[19:56:35] [Client thread/INFO] [STDERR]: [com.ic2additions.init.TesRegistry:buildDummies:133]: 	at com.google.common.eventbus.Subscriber.invokeSubscriberMethod(Subscriber.java:91)
[19:56:35] [Client thread/INFO] [STDERR]: [com.ic2additions.init.TesRegistry:buildDummies:133]: 	at com.google.common.eventbus.Subscriber$SynchronizedSubscriber.invokeSubscriberMethod(Subscriber.java:150)
[19:56:35] [Client thread/INFO] [STDERR]: [com.ic2additions.init.TesRegistry:buildDummies:133]: 	at com.google.common.eventbus.Subscriber$1.run(Subscriber.java:76)
[19:56:35] [Client thread/INFO] [STDERR]: [com.ic2additions.init.TesRegistry:buildDummies:133]: 	at com.google.common.util.concurrent.MoreExecutors$DirectExecutor.execute(MoreExecutors.java:399)
[19:56:35] [Client thread/INFO] [STDERR]: [com.ic2additions.init.TesRegistry:buildDummies:133]: 	at com.google.common.eventbus.Subscriber.dispatchEvent(Subscriber.java:71)
[19:56:35] [Client thread/INFO] [STDERR]: [com.ic2additions.init.TesRegistry:buildDummies:133]: 	at com.google.common.eventbus.Dispatcher$PerThreadQueuedDispatcher.dispatch(Dispatcher.java:116)
[19:56:35] [Client thread/INFO] [STDERR]: [com.ic2additions.init.TesRegistry:buildDummies:133]: 	at com.google.common.eventbus.EventBus.post(EventBus.java:217)
[19:56:35] [Client thread/INFO] [STDERR]: [com.ic2additions.init.TesRegistry:buildDummies:133]: 	at net.minecraftforge.fml.common.LoadController.distributeStateMessage(LoadController.java:136)
[19:56:35] [Client thread/INFO] [STDERR]: [com.ic2additions.init.TesRegistry:buildDummies:133]: 	at net.minecraftforge.fml.common.Loader.preinitializeMods(Loader.java:629)
[19:56:35] [Client thread/INFO] [STDERR]: [com.ic2additions.init.TesRegistry:buildDummies:133]: 	at net.minecraftforge.fml.client.FMLClientHandler.beginMinecraftLoading(FMLClientHandler.java:252)
[19:56:35] [Client thread/INFO] [STDERR]: [com.ic2additions.init.TesRegistry:buildDummies:133]: 	at net.minecraft.client.Minecraft.func_71384_a(Minecraft.java:467)
[19:56:35] [Client thread/INFO] [STDERR]: [com.ic2additions.init.TesRegistry:buildDummies:133]: 	at net.minecraft.client.Minecraft.func_99999_d(Minecraft.java:378)
[19:56:35] [Client thread/INFO] [STDERR]: [com.ic2additions.init.TesRegistry:buildDummies:133]: 	at net.minecraft.client.main.Main.main(SourceFile:123)
[19:56:35] [Client thread/INFO] [STDERR]: [com.ic2additions.init.TesRegistry:buildDummies:133]: 	at sun.reflect.NativeMethodAccessorImpl.invoke0(Native Method)
[19:56:35] [Client thread/INFO] [STDERR]: [com.ic2additions.init.TesRegistry:buildDummies:133]: 	at sun.reflect.NativeMethodAccessorImpl.invoke(Unknown Source)
[19:56:35] [Client thread/INFO] [STDERR]: [com.ic2additions.init.TesRegistry:buildDummies:133]: 	at sun.reflect.DelegatingMethodAccessorImpl.invoke(Unknown Source)
[19:56:35] [Client thread/INFO] [STDERR]: [com.ic2additions.init.TesRegistry:buildDummies:133]: 	at java.lang.reflect.Method.invoke(Unknown Source)
[19:56:35] [Client thread/INFO] [STDERR]: [com.ic2additions.init.TesRegistry:buildDummies:133]: 	at net.minecraft.launchwrapper.Launch.launch(Launch.java:135)
[19:56:35] [Client thread/INFO] [STDERR]: [com.ic2additions.init.TesRegistry:buildDummies:133]: 	at net.minecraft.launchwrapper.Launch.main(Launch.java:28)
[19:56:35] [Client thread/INFO] [STDERR]: [com.ic2additions.init.TesRegistry:buildDummies:133]: 	at sun.reflect.NativeMethodAccessorImpl.invoke0(Native Method)
[19:56:35] [Client thread/INFO] [STDERR]: [com.ic2additions.init.TesRegistry:buildDummies:133]: 	at sun.reflect.NativeMethodAccessorImpl.invoke(Unknown Source)
[19:56:35] [Client thread/INFO] [STDERR]: [com.ic2additions.init.TesRegistry:buildDummies:133]: 	at sun.reflect.DelegatingMethodAccessorImpl.invoke(Unknown Source)
[19:56:35] [Client thread/INFO] [STDERR]: [com.ic2additions.init.TesRegistry:buildDummies:133]: 	at java.lang.reflect.Method.invoke(Unknown Source)
[19:56:35] [Client thread/INFO] [STDERR]: [com.ic2additions.init.TesRegistry:buildDummies:133]: 	at org.multimc.onesix.OneSixLauncher.launchWithMainClass(OneSixLauncher.java:243)
[19:56:35] [Client thread/INFO] [STDERR]: [com.ic2additions.init.TesRegistry:buildDummies:133]: 	at org.multimc.onesix.OneSixLauncher.launch(OneSixLauncher.java:278)
[19:56:35] [Client thread/INFO] [STDERR]: [com.ic2additions.init.TesRegistry:buildDummies:133]: 	at org.multimc.EntryPoint.listen(EntryPoint.java:143)
[19:56:35] [Client thread/INFO] [STDERR]: [com.ic2additions.init.TesRegistry:buildDummies:133]: 	at org.multimc.EntryPoint.main(EntryPoint.java:34)
[19:56:35] [Client thread/INFO] [STDERR]: [com.ic2additions.init.TesRegistry:buildDummies:133]: java.lang.NullPointerException
[19:56:35] [Client thread/INFO] [STDERR]: [com.ic2additions.init.TesRegistry:buildDummies:133]: 	at ic2.core.block.wiring.TileEntityTransformer.<init>(TileEntityTransformer.java:39)
[19:56:35] [Client thread/INFO] [STDERR]: [com.ic2additions.init.TesRegistry:buildDummies:133]: 	at com.ic2additions.tilentity.transformers.TileEntityTransformerOV.<init>(TileEntityTransformerOV.java:6)
[19:56:35] [Client thread/INFO] [STDERR]: [com.ic2additions.init.TesRegistry:buildDummies:133]: 	at sun.reflect.NativeConstructorAccessorImpl.newInstance0(Native Method)
[19:56:35] [Client thread/INFO] [STDERR]: [com.ic2additions.init.TesRegistry:buildDummies:133]: 	at sun.reflect.NativeConstructorAccessorImpl.newInstance(Unknown Source)
[19:56:35] [Client thread/INFO] [STDERR]: [com.ic2additions.init.TesRegistry:buildDummies:133]: 	at sun.reflect.DelegatingConstructorAccessorImpl.newInstance(Unknown Source)
[19:56:35] [Client thread/INFO] [STDERR]: [com.ic2additions.init.TesRegistry:buildDummies:133]: 	at java.lang.reflect.Constructor.newInstance(Unknown Source)
[19:56:35] [Client thread/INFO] [STDERR]: [com.ic2additions.init.TesRegistry:buildDummies:133]: 	at java.lang.Class.newInstance(Unknown Source)
[19:56:35] [Client thread/INFO] [STDERR]: [com.ic2additions.init.TesRegistry:buildDummies:133]: 	at com.ic2additions.init.TesRegistry.buildDummies(TesRegistry.java:131)
[19:56:35] [Client thread/INFO] [STDERR]: [com.ic2additions.init.TesRegistry:buildDummies:133]: 	at com.ic2additions.event.EventHandlerRegisterTeBlock.on(EventHandlerRegisterTeBlock.java:40)
[19:56:35] [Client thread/INFO] [STDERR]: [com.ic2additions.init.TesRegistry:buildDummies:133]: 	at net.minecraftforge.fml.common.eventhandler.ASMEventHandler_94_EventHandlerRegisterTeBlock_on_TeBlockFinalCallEvent.invoke(.dynamic)
[19:56:35] [Client thread/INFO] [STDERR]: [com.ic2additions.init.TesRegistry:buildDummies:133]: 	at net.minecraftforge.fml.common.eventhandler.ASMEventHandler.invoke(ASMEventHandler.java:90)
[19:56:35] [Client thread/INFO] [STDERR]: [com.ic2additions.init.TesRegistry:buildDummies:133]: 	at net.minecraftforge.fml.common.eventhandler.EventBus.post(EventBus.java:182)
[19:56:35] [Client thread/INFO] [STDERR]: [com.ic2additions.init.TesRegistry:buildDummies:133]: 	at ic2.core.block.TeBlockRegistry.buildBlocks(TeBlockRegistry.java:223)
[19:56:35] [Client thread/INFO] [STDERR]: [com.ic2additions.init.TesRegistry:buildDummies:133]: 	at ic2.core.init.BlocksItems.initBlocks(BlocksItems.java:171)
[19:56:35] [Client thread/INFO] [STDERR]: [com.ic2additions.init.TesRegistry:buildDummies:133]: 	at ic2.core.init.BlocksItems.init(BlocksItems.java:157)
[19:56:35] [Client thread/INFO] [STDERR]: [com.ic2additions.init.TesRegistry:buildDummies:133]: 	at ic2.core.IC2.load(IC2.java:222)
[19:56:35] [Client thread/INFO] [STDERR]: [com.ic2additions.init.TesRegistry:buildDummies:133]: 	at sun.reflect.NativeMethodAccessorImpl.invoke0(Native Method)
[19:56:35] [Client thread/INFO] [STDERR]: [com.ic2additions.init.TesRegistry:buildDummies:133]: 	at sun.reflect.NativeMethodAccessorImpl.invoke(Unknown Source)
[19:56:35] [Client thread/INFO] [STDERR]: [com.ic2additions.init.TesRegistry:buildDummies:133]: 	at sun.reflect.DelegatingMethodAccessorImpl.invoke(Unknown Source)
[19:56:35] [Client thread/INFO] [STDERR]: [com.ic2additions.init.TesRegistry:buildDummies:133]: 	at java.lang.reflect.Method.invoke(Unknown Source)
[19:56:35] [Client thread/INFO] [STDERR]: [com.ic2additions.init.TesRegistry:buildDummies:133]: 	at net.minecraftforge.fml.common.FMLModContainer.handleModStateEvent(FMLModContainer.java:637)
[19:56:35] [Client thread/INFO] [STDERR]: [com.ic2additions.init.TesRegistry:buildDummies:133]: 	at sun.reflect.GeneratedMethodAccessor10.invoke(Unknown Source)
[19:56:35] [Client thread/INFO] [STDERR]: [com.ic2additions.init.TesRegistry:buildDummies:133]: 	at sun.reflect.DelegatingMethodAccessorImpl.invoke(Unknown Source)
[19:56:35] [Client thread/INFO] [STDERR]: [com.ic2additions.init.TesRegistry:buildDummies:133]: 	at java.lang.reflect.Method.invoke(Unknown Source)
[19:56:35] [Client thread/INFO] [STDERR]: [com.ic2additions.init.TesRegistry:buildDummies:133]: 	at com.google.common.eventbus.Subscriber.invokeSubscriberMethod(Subscriber.java:91)
[19:56:35] [Client thread/INFO] [STDERR]: [com.ic2additions.init.TesRegistry:buildDummies:133]: 	at com.google.common.eventbus.Subscriber$SynchronizedSubscriber.invokeSubscriberMethod(Subscriber.java:150)
[19:56:35] [Client thread/INFO] [STDERR]: [com.ic2additions.init.TesRegistry:buildDummies:133]: 	at com.google.common.eventbus.Subscriber$1.run(Subscriber.java:76)
[19:56:35] [Client thread/INFO] [STDERR]: [com.ic2additions.init.TesRegistry:buildDummies:133]: 	at com.google.common.util.concurrent.MoreExecutors$DirectExecutor.execute(MoreExecutors.java:399)
[19:56:35] [Client thread/INFO] [STDERR]: [com.ic2additions.init.TesRegistry:buildDummies:133]: 	at com.google.common.eventbus.Subscriber.dispatchEvent(Subscriber.java:71)
[19:56:35] [Client thread/INFO] [STDERR]: [com.ic2additions.init.TesRegistry:buildDummies:133]: 	at com.google.common.eventbus.Dispatcher$PerThreadQueuedDispatcher.dispatch(Dispatcher.java:116)
[19:56:35] [Client thread/INFO] [STDERR]: [com.ic2additions.init.TesRegistry:buildDummies:133]: 	at com.google.common.eventbus.EventBus.post(EventBus.java:217)
[19:56:35] [Client thread/INFO] [STDERR]: [com.ic2additions.init.TesRegistry:buildDummies:133]: 	at net.minecraftforge.fml.common.LoadController.sendEventToModContainer(LoadController.java:219)
[19:56:35] [Client thread/INFO] [STDERR]: [com.ic2additions.init.TesRegistry:buildDummies:133]: 	at net.minecraftforge.fml.common.LoadController.propogateStateMessage(LoadController.java:197)
[19:56:35] [Client thread/INFO] [STDERR]: [com.ic2additions.init.TesRegistry:buildDummies:133]: 	at sun.reflect.NativeMethodAccessorImpl.invoke0(Native Method)
[19:56:35] [Client thread/INFO] [STDERR]: [com.ic2additions.init.TesRegistry:buildDummies:133]: 	at sun.reflect.NativeMethodAccessorImpl.invoke(Unknown Source)
[19:56:35] [Client thread/INFO] [STDERR]: [com.ic2additions.init.TesRegistry:buildDummies:133]: 	at sun.reflect.DelegatingMethodAccessorImpl.invoke(Unknown Source)
[19:56:35] [Client thread/INFO] [STDERR]: [com.ic2additions.init.TesRegistry:buildDummies:133]: 	at java.lang.reflect.Method.invoke(Unknown Source)
[19:56:35] [Client thread/INFO] [STDERR]: [com.ic2additions.init.TesRegistry:buildDummies:133]: 	at com.google.common.eventbus.Subscriber.invokeSubscriberMethod(Subscriber.java:91)
[19:56:35] [Client thread/INFO] [STDERR]: [com.ic2additions.init.TesRegistry:buildDummies:133]: 	at com.google.common.eventbus.Subscriber$SynchronizedSubscriber.invokeSubscriberMethod(Subscriber.java:150)
[19:56:35] [Client thread/INFO] [STDERR]: [com.ic2additions.init.TesRegistry:buildDummies:133]: 	at com.google.common.eventbus.Subscriber$1.run(Subscriber.java:76)
[19:56:35] [Client thread/INFO] [STDERR]: [com.ic2additions.init.TesRegistry:buildDummies:133]: 	at com.google.common.util.concurrent.MoreExecutors$DirectExecutor.execute(MoreExecutors.java:399)
[19:56:35] [Client thread/INFO] [STDERR]: [com.ic2additions.init.TesRegistry:buildDummies:133]: 	at com.google.common.eventbus.Subscriber.dispatchEvent(Subscriber.java:71)
[19:56:35] [Client thread/INFO] [STDERR]: [com.ic2additions.init.TesRegistry:buildDummies:133]: 	at com.google.common.eventbus.Dispatcher$PerThreadQueuedDispatcher.dispatch(Dispatcher.java:116)
[19:56:35] [Client thread/INFO] [STDERR]: [com.ic2additions.init.TesRegistry:buildDummies:133]: 	at com.google.common.eventbus.EventBus.post(EventBus.java:217)
[19:56:35] [Client thread/INFO] [STDERR]: [com.ic2additions.init.TesRegistry:buildDummies:133]: 	at net.minecraftforge.fml.common.LoadController.distributeStateMessage(LoadController.java:136)
[19:56:35] [Client thread/INFO] [STDERR]: [com.ic2additions.init.TesRegistry:buildDummies:133]: 	at net.minecraftforge.fml.common.Loader.preinitializeMods(Loader.java:629)
[19:56:35] [Client thread/INFO] [STDERR]: [com.ic2additions.init.TesRegistry:buildDummies:133]: 	at net.minecraftforge.fml.client.FMLClientHandler.beginMinecraftLoading(FMLClientHandler.java:252)
[19:56:35] [Client thread/INFO] [STDERR]: [com.ic2additions.init.TesRegistry:buildDummies:133]: 	at net.minecraft.client.Minecraft.func_71384_a(Minecraft.java:467)
[19:56:35] [Client thread/INFO] [STDERR]: [com.ic2additions.init.TesRegistry:buildDummies:133]: 	at net.minecraft.client.Minecraft.func_99999_d(Minecraft.java:378)
[19:56:35] [Client thread/INFO] [STDERR]: [com.ic2additions.init.TesRegistry:buildDummies:133]: 	at net.minecraft.client.main.Main.main(SourceFile:123)
[19:56:35] [Client thread/INFO] [STDERR]: [com.ic2additions.init.TesRegistry:buildDummies:133]: 	at sun.reflect.NativeMethodAccessorImpl.invoke0(Native Method)
[19:56:35] [Client thread/INFO] [STDERR]: [com.ic2additions.init.TesRegistry:buildDummies:133]: 	at sun.reflect.NativeMethodAccessorImpl.invoke(Unknown Source)
[19:56:35] [Client thread/INFO] [STDERR]: [com.ic2additions.init.TesRegistry:buildDummies:133]: 	at sun.reflect.DelegatingMethodAccessorImpl.invoke(Unknown Source)
[19:56:35] [Client thread/INFO] [STDERR]: [com.ic2additions.init.TesRegistry:buildDummies:133]: 	at java.lang.reflect.Method.invoke(Unknown Source)
[19:56:35] [Client thread/INFO] [STDERR]: [com.ic2additions.init.TesRegistry:buildDummies:133]: 	at net.minecraft.launchwrapper.Launch.launch(Launch.java:135)
[19:56:35] [Client thread/INFO] [STDERR]: [com.ic2additions.init.TesRegistry:buildDummies:133]: 	at net.minecraft.launchwrapper.Launch.main(Launch.java:28)
[19:56:35] [Client thread/INFO] [STDERR]: [com.ic2additions.init.TesRegistry:buildDummies:133]: 	at sun.reflect.NativeMethodAccessorImpl.invoke0(Native Method)
[19:56:35] [Client thread/INFO] [STDERR]: [com.ic2additions.init.TesRegistry:buildDummies:133]: 	at sun.reflect.NativeMethodAccessorImpl.invoke(Unknown Source)
[19:56:35] [Client thread/INFO] [STDERR]: [com.ic2additions.init.TesRegistry:buildDummies:133]: 	at sun.reflect.DelegatingMethodAccessorImpl.invoke(Unknown Source)
[19:56:35] [Client thread/INFO] [STDERR]: [com.ic2additions.init.TesRegistry:buildDummies:133]: 	at java.lang.reflect.Method.invoke(Unknown Source)
[19:56:35] [Client thread/INFO] [STDERR]: [com.ic2additions.init.TesRegistry:buildDummies:133]: 	at org.multimc.onesix.OneSixLauncher.launchWithMainClass(OneSixLauncher.java:243)
[19:56:35] [Client thread/INFO] [STDERR]: [com.ic2additions.init.TesRegistry:buildDummies:133]: 	at org.multimc.onesix.OneSixLauncher.launch(OneSixLauncher.java:278)
[19:56:35] [Client thread/INFO] [STDERR]: [com.ic2additions.init.TesRegistry:buildDummies:133]: 	at org.multimc.EntryPoint.listen(EntryPoint.java:143)
[19:56:35] [Client thread/INFO] [STDERR]: [com.ic2additions.init.TesRegistry:buildDummies:133]: 	at org.multimc.EntryPoint.main(EntryPoint.java:34)
[19:56:35] [Client thread/INFO] [STDERR]: [com.ic2additions.init.TesRegistry:buildDummies:133]: java.lang.NullPointerException
[19:56:35] [Client thread/INFO] [STDERR]: [com.ic2additions.init.TesRegistry:buildDummies:133]: 	at ic2.core.block.wiring.TileEntityTransformer.<init>(TileEntityTransformer.java:39)
[19:56:35] [Client thread/INFO] [STDERR]: [com.ic2additions.init.TesRegistry:buildDummies:133]: 	at com.ic2additions.tilentity.transformers.TileEntityTransformerCV.<init>(TileEntityTransformerCV.java:6)
[19:56:35] [Client thread/INFO] [STDERR]: [com.ic2additions.init.TesRegistry:buildDummies:133]: 	at sun.reflect.NativeConstructorAccessorImpl.newInstance0(Native Method)
[19:56:35] [Client thread/INFO] [STDERR]: [com.ic2additions.init.TesRegistry:buildDummies:133]: 	at sun.reflect.NativeConstructorAccessorImpl.newInstance(Unknown Source)
[19:56:35] [Client thread/INFO] [STDERR]: [com.ic2additions.init.TesRegistry:buildDummies:133]: 	at sun.reflect.DelegatingConstructorAccessorImpl.newInstance(Unknown Source)
[19:56:35] [Client thread/INFO] [STDERR]: [com.ic2additions.init.TesRegistry:buildDummies:133]: 	at java.lang.reflect.Constructor.newInstance(Unknown Source)
[19:56:35] [Client thread/INFO] [STDERR]: [com.ic2additions.init.TesRegistry:buildDummies:133]: 	at java.lang.Class.newInstance(Unknown Source)
[19:56:35] [Client thread/INFO] [STDERR]: [com.ic2additions.init.TesRegistry:buildDummies:133]: 	at com.ic2additions.init.TesRegistry.buildDummies(TesRegistry.java:131)
[19:56:35] [Client thread/INFO] [STDERR]: [com.ic2additions.init.TesRegistry:buildDummies:133]: 	at com.ic2additions.event.EventHandlerRegisterTeBlock.on(EventHandlerRegisterTeBlock.java:40)
[19:56:35] [Client thread/INFO] [STDERR]: [com.ic2additions.init.TesRegistry:buildDummies:133]: 	at net.minecraftforge.fml.common.eventhandler.ASMEventHandler_94_EventHandlerRegisterTeBlock_on_TeBlockFinalCallEvent.invoke(.dynamic)
[19:56:35] [Client thread/INFO] [STDERR]: [com.ic2additions.init.TesRegistry:buildDummies:133]: 	at net.minecraftforge.fml.common.eventhandler.ASMEventHandler.invoke(ASMEventHandler.java:90)
[19:56:35] [Client thread/INFO] [STDERR]: [com.ic2additions.init.TesRegistry:buildDummies:133]: 	at net.minecraftforge.fml.common.eventhandler.EventBus.post(EventBus.java:182)
[19:56:35] [Client thread/INFO] [STDERR]: [com.ic2additions.init.TesRegistry:buildDummies:133]: 	at ic2.core.block.TeBlockRegistry.buildBlocks(TeBlockRegistry.java:223)
[19:56:35] [Client thread/INFO] [STDERR]: [com.ic2additions.init.TesRegistry:buildDummies:133]: 	at ic2.core.init.BlocksItems.initBlocks(BlocksItems.java:171)
[19:56:35] [Client thread/INFO] [STDERR]: [com.ic2additions.init.TesRegistry:buildDummies:133]: 	at ic2.core.init.BlocksItems.init(BlocksItems.java:157)
[19:56:35] [Client thread/INFO] [STDERR]: [com.ic2additions.init.TesRegistry:buildDummies:133]: 	at ic2.core.IC2.load(IC2.java:222)
[19:56:35] [Client thread/INFO] [STDERR]: [com.ic2additions.init.TesRegistry:buildDummies:133]: 	at sun.reflect.NativeMethodAccessorImpl.invoke0(Native Method)
[19:56:35] [Client thread/INFO] [STDERR]: [com.ic2additions.init.TesRegistry:buildDummies:133]: 	at sun.reflect.NativeMethodAccessorImpl.invoke(Unknown Source)
[19:56:35] [Client thread/INFO] [STDERR]: [com.ic2additions.init.TesRegistry:buildDummies:133]: 	at sun.reflect.DelegatingMethodAccessorImpl.invoke(Unknown Source)
[19:56:35] [Client thread/INFO] [STDERR]: [com.ic2additions.init.TesRegistry:buildDummies:133]: 	at java.lang.reflect.Method.invoke(Unknown Source)
[19:56:35] [Client thread/INFO] [STDERR]: [com.ic2additions.init.TesRegistry:buildDummies:133]: 	at net.minecraftforge.fml.common.FMLModContainer.handleModStateEvent(FMLModContainer.java:637)
[19:56:35] [Client thread/INFO] [STDERR]: [com.ic2additions.init.TesRegistry:buildDummies:133]: 	at sun.reflect.GeneratedMethodAccessor10.invoke(Unknown Source)
[19:56:35] [Client thread/INFO] [STDERR]: [com.ic2additions.init.TesRegistry:buildDummies:133]: 	at sun.reflect.DelegatingMethodAccessorImpl.invoke(Unknown Source)
[19:56:35] [Client thread/INFO] [STDERR]: [com.ic2additions.init.TesRegistry:buildDummies:133]: 	at java.lang.reflect.Method.invoke(Unknown Source)
[19:56:35] [Client thread/INFO] [STDERR]: [com.ic2additions.init.TesRegistry:buildDummies:133]: 	at com.google.common.eventbus.Subscriber.invokeSubscriberMethod(Subscriber.java:91)
[19:56:35] [Client thread/INFO] [STDERR]: [com.ic2additions.init.TesRegistry:buildDummies:133]: 	at com.google.common.eventbus.Subscriber$SynchronizedSubscriber.invokeSubscriberMethod(Subscriber.java:150)
[19:56:35] [Client thread/INFO] [STDERR]: [com.ic2additions.init.TesRegistry:buildDummies:133]: 	at com.google.common.eventbus.Subscriber$1.run(Subscriber.java:76)
[19:56:35] [Client thread/INFO] [STDERR]: [com.ic2additions.init.TesRegistry:buildDummies:133]: 	at com.google.common.util.concurrent.MoreExecutors$DirectExecutor.execute(MoreExecutors.java:399)
[19:56:35] [Client thread/INFO] [STDERR]: [com.ic2additions.init.TesRegistry:buildDummies:133]: 	at com.google.common.eventbus.Subscriber.dispatchEvent(Subscriber.java:71)
[19:56:35] [Client thread/INFO] [STDERR]: [com.ic2additions.init.TesRegistry:buildDummies:133]: 	at com.google.common.eventbus.Dispatcher$PerThreadQueuedDispatcher.dispatch(Dispatcher.java:116)
[19:56:35] [Client thread/INFO] [STDERR]: [com.ic2additions.init.TesRegistry:buildDummies:133]: 	at com.google.common.eventbus.EventBus.post(EventBus.java:217)
[19:56:35] [Client thread/INFO] [STDERR]: [com.ic2additions.init.TesRegistry:buildDummies:133]: 	at net.minecraftforge.fml.common.LoadController.sendEventToModContainer(LoadController.java:219)
[19:56:35] [Client thread/INFO] [STDERR]: [com.ic2additions.init.TesRegistry:buildDummies:133]: 	at net.minecraftforge.fml.common.LoadController.propogateStateMessage(LoadController.java:197)
[19:56:35] [Client thread/INFO] [STDERR]: [com.ic2additions.init.TesRegistry:buildDummies:133]: 	at sun.reflect.NativeMethodAccessorImpl.invoke0(Native Method)
[19:56:35] [Client thread/INFO] [STDERR]: [com.ic2additions.init.TesRegistry:buildDummies:133]: 	at sun.reflect.NativeMethodAccessorImpl.invoke(Unknown Source)
[19:56:35] [Client thread/INFO] [STDERR]: [com.ic2additions.init.TesRegistry:buildDummies:133]: 	at sun.reflect.DelegatingMethodAccessorImpl.invoke(Unknown Source)
[19:56:35] [Client thread/INFO] [STDERR]: [com.ic2additions.init.TesRegistry:buildDummies:133]: 	at java.lang.reflect.Method.invoke(Unknown Source)
[19:56:35] [Client thread/INFO] [STDERR]: [com.ic2additions.init.TesRegistry:buildDummies:133]: 	at com.google.common.eventbus.Subscriber.invokeSubscriberMethod(Subscriber.java:91)
[19:56:35] [Client thread/INFO] [STDERR]: [com.ic2additions.init.TesRegistry:buildDummies:133]: 	at com.google.common.eventbus.Subscriber$SynchronizedSubscriber.invokeSubscriberMethod(Subscriber.java:150)
[19:56:35] [Client thread/INFO] [STDERR]: [com.ic2additions.init.TesRegistry:buildDummies:133]: 	at com.google.common.eventbus.Subscriber$1.run(Subscriber.java:76)
[19:56:35] [Client thread/INFO] [STDERR]: [com.ic2additions.init.TesRegistry:buildDummies:133]: 	at com.google.common.util.concurrent.MoreExecutors$DirectExecutor.execute(MoreExecutors.java:399)
[19:56:35] [Client thread/INFO] [STDERR]: [com.ic2additions.init.TesRegistry:buildDummies:133]: 	at com.google.common.eventbus.Subscriber.dispatchEvent(Subscriber.java:71)
[19:56:35] [Client thread/INFO] [STDERR]: [com.ic2additions.init.TesRegistry:buildDummies:133]: 	at com.google.common.eventbus.Dispatcher$PerThreadQueuedDispatcher.dispatch(Dispatcher.java:116)
[19:56:35] [Client thread/INFO] [STDERR]: [com.ic2additions.init.TesRegistry:buildDummies:133]: 	at com.google.common.eventbus.EventBus.post(EventBus.java:217)
[19:56:35] [Client thread/INFO] [STDERR]: [com.ic2additions.init.TesRegistry:buildDummies:133]: 	at net.minecraftforge.fml.common.LoadController.distributeStateMessage(LoadController.java:136)
[19:56:35] [Client thread/INFO] [STDERR]: [com.ic2additions.init.TesRegistry:buildDummies:133]: 	at net.minecraftforge.fml.common.Loader.preinitializeMods(Loader.java:629)
[19:56:35] [Client thread/INFO] [STDERR]: [com.ic2additions.init.TesRegistry:buildDummies:133]: 	at net.minecraftforge.fml.client.FMLClientHandler.beginMinecraftLoading(FMLClientHandler.java:252)
[19:56:35] [Client thread/INFO] [STDERR]: [com.ic2additions.init.TesRegistry:buildDummies:133]: 	at net.minecraft.client.Minecraft.func_71384_a(Minecraft.java:467)
[19:56:35] [Client thread/INFO] [STDERR]: [com.ic2additions.init.TesRegistry:buildDummies:133]: 	at net.minecraft.client.Minecraft.func_99999_d(Minecraft.java:378)
[19:56:35] [Client thread/INFO] [STDERR]: [com.ic2additions.init.TesRegistry:buildDummies:133]: 	at net.minecraft.client.main.Main.main(SourceFile:123)
[19:56:35] [Client thread/INFO] [STDERR]: [com.ic2additions.init.TesRegistry:buildDummies:133]: 	at sun.reflect.NativeMethodAccessorImpl.invoke0(Native Method)
[19:56:35] [Client thread/INFO] [STDERR]: [com.ic2additions.init.TesRegistry:buildDummies:133]: 	at sun.reflect.NativeMethodAccessorImpl.invoke(Unknown Source)
[19:56:35] [Client thread/INFO] [STDERR]: [com.ic2additions.init.TesRegistry:buildDummies:133]: 	at sun.reflect.DelegatingMethodAccessorImpl.invoke(Unknown Source)
[19:56:35] [Client thread/INFO] [STDERR]: [com.ic2additions.init.TesRegistry:buildDummies:133]: 	at java.lang.reflect.Method.invoke(Unknown Source)
[19:56:35] [Client thread/INFO] [STDERR]: [com.ic2additions.init.TesRegistry:buildDummies:133]: 	at net.minecraft.launchwrapper.Launch.launch(Launch.java:135)
[19:56:35] [Client thread/INFO] [STDERR]: [com.ic2additions.init.TesRegistry:buildDummies:133]: 	at net.minecraft.launchwrapper.Launch.main(Launch.java:28)
[19:56:35] [Client thread/INFO] [STDERR]: [com.ic2additions.init.TesRegistry:buildDummies:133]: 	at sun.reflect.NativeMethodAccessorImpl.invoke0(Native Method)
[19:56:35] [Client thread/INFO] [STDERR]: [com.ic2additions.init.TesRegistry:buildDummies:133]: 	at sun.reflect.NativeMethodAccessorImpl.invoke(Unknown Source)
[19:56:35] [Client thread/INFO] [STDERR]: [com.ic2additions.init.TesRegistry:buildDummies:133]: 	at sun.reflect.DelegatingMethodAccessorImpl.invoke(Unknown Source)
[19:56:35] [Client thread/INFO] [STDERR]: [com.ic2additions.init.TesRegistry:buildDummies:133]: 	at java.lang.reflect.Method.invoke(Unknown Source)
[19:56:35] [Client thread/INFO] [STDERR]: [com.ic2additions.init.TesRegistry:buildDummies:133]: 	at org.multimc.onesix.OneSixLauncher.launchWithMainClass(OneSixLauncher.java:243)
[19:56:35] [Client thread/INFO] [STDERR]: [com.ic2additions.init.TesRegistry:buildDummies:133]: 	at org.multimc.onesix.OneSixLauncher.launch(OneSixLauncher.java:278)
[19:56:35] [Client thread/INFO] [STDERR]: [com.ic2additions.init.TesRegistry:buildDummies:133]: 	at org.multimc.EntryPoint.listen(EntryPoint.java:143)
[19:56:35] [Client thread/INFO] [STDERR]: [com.ic2additions.init.TesRegistry:buildDummies:133]: 	at org.multimc.EntryPoint.main(EntryPoint.java:34)
[19:56:35] [Client thread/INFO] [STDERR]: [com.ic2additions.init.TesRegistry:buildDummies:133]: java.lang.NullPointerException
[19:56:35] [Client thread/INFO] [STDERR]: [com.ic2additions.init.TesRegistry:buildDummies:133]: 	at ic2.core.block.wiring.TileEntityTransformer.<init>(TileEntityTransformer.java:39)
[19:56:35] [Client thread/INFO] [STDERR]: [com.ic2additions.init.TesRegistry:buildDummies:133]: 	at com.ic2additions.tilentity.transformers.TileEntityTransformerUV.<init>(TileEntityTransformerUV.java:6)
[19:56:35] [Client thread/INFO] [STDERR]: [com.ic2additions.init.TesRegistry:buildDummies:133]: 	at sun.reflect.NativeConstructorAccessorImpl.newInstance0(Native Method)
[19:56:35] [Client thread/INFO] [STDERR]: [com.ic2additions.init.TesRegistry:buildDummies:133]: 	at sun.reflect.NativeConstructorAccessorImpl.newInstance(Unknown Source)
[19:56:35] [Client thread/INFO] [STDERR]: [com.ic2additions.init.TesRegistry:buildDummies:133]: 	at sun.reflect.DelegatingConstructorAccessorImpl.newInstance(Unknown Source)
[19:56:35] [Client thread/INFO] [STDERR]: [com.ic2additions.init.TesRegistry:buildDummies:133]: 	at java.lang.reflect.Constructor.newInstance(Unknown Source)
[19:56:35] [Client thread/INFO] [STDERR]: [com.ic2additions.init.TesRegistry:buildDummies:133]: 	at java.lang.Class.newInstance(Unknown Source)
[19:56:35] [Client thread/INFO] [STDERR]: [com.ic2additions.init.TesRegistry:buildDummies:133]: 	at com.ic2additions.init.TesRegistry.buildDummies(TesRegistry.java:131)
[19:56:35] [Client thread/INFO] [STDERR]: [com.ic2additions.init.TesRegistry:buildDummies:133]: 	at com.ic2additions.event.EventHandlerRegisterTeBlock.on(EventHandlerRegisterTeBlock.java:40)
[19:56:35] [Client thread/INFO] [STDERR]: [com.ic2additions.init.TesRegistry:buildDummies:133]: 	at net.minecraftforge.fml.common.eventhandler.ASMEventHandler_94_EventHandlerRegisterTeBlock_on_TeBlockFinalCallEvent.invoke(.dynamic)
[19:56:35] [Client thread/INFO] [STDERR]: [com.ic2additions.init.TesRegistry:buildDummies:133]: 	at net.minecraftforge.fml.common.eventhandler.ASMEventHandler.invoke(ASMEventHandler.java:90)
[19:56:35] [Client thread/INFO] [STDERR]: [com.ic2additions.init.TesRegistry:buildDummies:133]: 	at net.minecraftforge.fml.common.eventhandler.EventBus.post(EventBus.java:182)
[19:56:35] [Client thread/INFO] [STDERR]: [com.ic2additions.init.TesRegistry:buildDummies:133]: 	at ic2.core.block.TeBlockRegistry.buildBlocks(TeBlockRegistry.java:223)
[19:56:35] [Client thread/INFO] [STDERR]: [com.ic2additions.init.TesRegistry:buildDummies:133]: 	at ic2.core.init.BlocksItems.initBlocks(BlocksItems.java:171)
[19:56:35] [Client thread/INFO] [STDERR]: [com.ic2additions.init.TesRegistry:buildDummies:133]: 	at ic2.core.init.BlocksItems.init(BlocksItems.java:157)
[19:56:35] [Client thread/INFO] [STDERR]: [com.ic2additions.init.TesRegistry:buildDummies:133]: 	at ic2.core.IC2.load(IC2.java:222)
[19:56:35] [Client thread/INFO] [STDERR]: [com.ic2additions.init.TesRegistry:buildDummies:133]: 	at sun.reflect.NativeMethodAccessorImpl.invoke0(Native Method)
[19:56:35] [Client thread/INFO] [STDERR]: [com.ic2additions.init.TesRegistry:buildDummies:133]: 	at sun.reflect.NativeMethodAccessorImpl.invoke(Unknown Source)
[19:56:35] [Client thread/INFO] [STDERR]: [com.ic2additions.init.TesRegistry:buildDummies:133]: 	at sun.reflect.DelegatingMethodAccessorImpl.invoke(Unknown Source)
[19:56:35] [Client thread/INFO] [STDERR]: [com.ic2additions.init.TesRegistry:buildDummies:133]: 	at java.lang.reflect.Method.invoke(Unknown Source)
[19:56:35] [Client thread/INFO] [STDERR]: [com.ic2additions.init.TesRegistry:buildDummies:133]: 	at net.minecraftforge.fml.common.FMLModContainer.handleModStateEvent(FMLModContainer.java:637)
[19:56:35] [Client thread/INFO] [STDERR]: [com.ic2additions.init.TesRegistry:buildDummies:133]: 	at sun.reflect.GeneratedMethodAccessor10.invoke(Unknown Source)
[19:56:35] [Client thread/INFO] [STDERR]: [com.ic2additions.init.TesRegistry:buildDummies:133]: 	at sun.reflect.DelegatingMethodAccessorImpl.invoke(Unknown Source)
[19:56:35] [Client thread/INFO] [STDERR]: [com.ic2additions.init.TesRegistry:buildDummies:133]: 	at java.lang.reflect.Method.invoke(Unknown Source)
[19:56:35] [Client thread/INFO] [STDERR]: [com.ic2additions.init.TesRegistry:buildDummies:133]: 	at com.google.common.eventbus.Subscriber.invokeSubscriberMethod(Subscriber.java:91)
[19:56:35] [Client thread/INFO] [STDERR]: [com.ic2additions.init.TesRegistry:buildDummies:133]: 	at com.google.common.eventbus.Subscriber$SynchronizedSubscriber.invokeSubscriberMethod(Subscriber.java:150)
[19:56:35] [Client thread/INFO] [STDERR]: [com.ic2additions.init.TesRegistry:buildDummies:133]: 	at com.google.common.eventbus.Subscriber$1.run(Subscriber.java:76)
[19:56:35] [Client thread/INFO] [STDERR]: [com.ic2additions.init.TesRegistry:buildDummies:133]: 	at com.google.common.util.concurrent.MoreExecutors$DirectExecutor.execute(MoreExecutors.java:399)
[19:56:35] [Client thread/INFO] [STDERR]: [com.ic2additions.init.TesRegistry:buildDummies:133]: 	at com.google.common.eventbus.Subscriber.dispatchEvent(Subscriber.java:71)
[19:56:35] [Client thread/INFO] [STDERR]: [com.ic2additions.init.TesRegistry:buildDummies:133]: 	at com.google.common.eventbus.Dispatcher$PerThreadQueuedDispatcher.dispatch(Dispatcher.java:116)
[19:56:35] [Client thread/INFO] [STDERR]: [com.ic2additions.init.TesRegistry:buildDummies:133]: 	at com.google.common.eventbus.EventBus.post(EventBus.java:217)
[19:56:35] [Client thread/INFO] [STDERR]: [com.ic2additions.init.TesRegistry:buildDummies:133]: 	at net.minecraftforge.fml.common.LoadController.sendEventToModContainer(LoadController.java:219)
[19:56:35] [Client thread/INFO] [STDERR]: [com.ic2additions.init.TesRegistry:buildDummies:133]: 	at net.minecraftforge.fml.common.LoadController.propogateStateMessage(LoadController.java:197)
[19:56:35] [Client thread/INFO] [STDERR]: [com.ic2additions.init.TesRegistry:buildDummies:133]: 	at sun.reflect.NativeMethodAccessorImpl.invoke0(Native Method)
[19:56:35] [Client thread/INFO] [STDERR]: [com.ic2additions.init.TesRegistry:buildDummies:133]: 	at sun.reflect.NativeMethodAccessorImpl.invoke(Unknown Source)
[19:56:35] [Client thread/INFO] [STDERR]: [com.ic2additions.init.TesRegistry:buildDummies:133]: 	at sun.reflect.DelegatingMethodAccessorImpl.invoke(Unknown Source)
[19:56:35] [Client thread/INFO] [STDERR]: [com.ic2additions.init.TesRegistry:buildDummies:133]: 	at java.lang.reflect.Method.invoke(Unknown Source)
[19:56:35] [Client thread/INFO] [STDERR]: [com.ic2additions.init.TesRegistry:buildDummies:133]: 	at com.google.common.eventbus.Subscriber.invokeSubscriberMethod(Subscriber.java:91)
[19:56:35] [Client thread/INFO] [STDERR]: [com.ic2additions.init.TesRegistry:buildDummies:133]: 	at com.google.common.eventbus.Subscriber$SynchronizedSubscriber.invokeSubscriberMethod(Subscriber.java:150)
[19:56:35] [Client thread/INFO] [STDERR]: [com.ic2additions.init.TesRegistry:buildDummies:133]: 	at com.google.common.eventbus.Subscriber$1.run(Subscriber.java:76)
[19:56:35] [Client thread/INFO] [STDERR]: [com.ic2additions.init.TesRegistry:buildDummies:133]: 	at com.google.common.util.concurrent.MoreExecutors$DirectExecutor.execute(MoreExecutors.java:399)
[19:56:35] [Client thread/INFO] [STDERR]: [com.ic2additions.init.TesRegistry:buildDummies:133]: 	at com.google.common.eventbus.Subscriber.dispatchEvent(Subscriber.java:71)
[19:56:35] [Client thread/INFO] [STDERR]: [com.ic2additions.init.TesRegistry:buildDummies:133]: 	at com.google.common.eventbus.Dispatcher$PerThreadQueuedDispatcher.dispatch(Dispatcher.java:116)
[19:56:35] [Client thread/INFO] [STDERR]: [com.ic2additions.init.TesRegistry:buildDummies:133]: 	at com.google.common.eventbus.EventBus.post(EventBus.java:217)
[19:56:35] [Client thread/INFO] [STDERR]: [com.ic2additions.init.TesRegistry:buildDummies:133]: 	at net.minecraftforge.fml.common.LoadController.distributeStateMessage(LoadController.java:136)
[19:56:35] [Client thread/INFO] [STDERR]: [com.ic2additions.init.TesRegistry:buildDummies:133]: 	at net.minecraftforge.fml.common.Loader.preinitializeMods(Loader.java:629)
[19:56:35] [Client thread/INFO] [STDERR]: [com.ic2additions.init.TesRegistry:buildDummies:133]: 	at net.minecraftforge.fml.client.FMLClientHandler.beginMinecraftLoading(FMLClientHandler.java:252)
[19:56:35] [Client thread/INFO] [STDERR]: [com.ic2additions.init.TesRegistry:buildDummies:133]: 	at net.minecraft.client.Minecraft.func_71384_a(Minecraft.java:467)
[19:56:35] [Client thread/INFO] [STDERR]: [com.ic2additions.init.TesRegistry:buildDummies:133]: 	at net.minecraft.client.Minecraft.func_99999_d(Minecraft.java:378)
[19:56:35] [Client thread/INFO] [STDERR]: [com.ic2additions.init.TesRegistry:buildDummies:133]: 	at net.minecraft.client.main.Main.main(SourceFile:123)
[19:56:35] [Client thread/INFO] [STDERR]: [com.ic2additions.init.TesRegistry:buildDummies:133]: 	at sun.reflect.NativeMethodAccessorImpl.invoke0(Native Method)
[19:56:35] [Client thread/INFO] [STDERR]: [com.ic2additions.init.TesRegistry:buildDummies:133]: 	at sun.reflect.NativeMethodAccessorImpl.invoke(Unknown Source)
[19:56:35] [Client thread/INFO] [STDERR]: [com.ic2additions.init.TesRegistry:buildDummies:133]: 	at sun.reflect.DelegatingMethodAccessorImpl.invoke(Unknown Source)
[19:56:35] [Client thread/INFO] [STDERR]: [com.ic2additions.init.TesRegistry:buildDummies:133]: 	at java.lang.reflect.Method.invoke(Unknown Source)
[19:56:35] [Client thread/INFO] [STDERR]: [com.ic2additions.init.TesRegistry:buildDummies:133]: 	at net.minecraft.launchwrapper.Launch.launch(Launch.java:135)
[19:56:35] [Client thread/INFO] [STDERR]: [com.ic2additions.init.TesRegistry:buildDummies:133]: 	at net.minecraft.launchwrapper.Launch.main(Launch.java:28)
[19:56:35] [Client thread/INFO] [STDERR]: [com.ic2additions.init.TesRegistry:buildDummies:133]: 	at sun.reflect.NativeMethodAccessorImpl.invoke0(Native Method)
[19:56:35] [Client thread/INFO] [STDERR]: [com.ic2additions.init.TesRegistry:buildDummies:133]: 	at sun.reflect.NativeMethodAccessorImpl.invoke(Unknown Source)
[19:56:35] [Client thread/INFO] [STDERR]: [com.ic2additions.init.TesRegistry:buildDummies:133]: 	at sun.reflect.DelegatingMethodAccessorImpl.invoke(Unknown Source)
[19:56:35] [Client thread/INFO] [STDERR]: [com.ic2additions.init.TesRegistry:buildDummies:133]: 	at java.lang.reflect.Method.invoke(Unknown Source)
[19:56:35] [Client thread/INFO] [STDERR]: [com.ic2additions.init.TesRegistry:buildDummies:133]: 	at org.multimc.onesix.OneSixLauncher.launchWithMainClass(OneSixLauncher.java:243)
[19:56:35] [Client thread/INFO] [STDERR]: [com.ic2additions.init.TesRegistry:buildDummies:133]: 	at org.multimc.onesix.OneSixLauncher.launch(OneSixLauncher.java:278)
[19:56:35] [Client thread/INFO] [STDERR]: [com.ic2additions.init.TesRegistry:buildDummies:133]: 	at org.multimc.EntryPoint.listen(EntryPoint.java:143)
[19:56:35] [Client thread/INFO] [STDERR]: [com.ic2additions.init.TesRegistry:buildDummies:133]: 	at org.multimc.EntryPoint.main(EntryPoint.java:34)
[19:56:36] [Forge Version Check/INFO] [forge.VersionCheck]: [securitycraft] Found status: UP_TO_DATE Target: null
[19:56:38] [Client thread/INFO] [ic2.Recipe]: Successfully loaded 354 out of 354 recipes for shaped recipes
[19:56:38] [Client thread/INFO] [ic2.Recipe]: Successfully loaded 79 out of 79 recipes for shapeless recipes
[19:56:38] [Client thread/INFO] [ic2.Recipe]: Successfully loaded 41 out of 41 recipes for solid uu recipes
[19:56:38] [Client thread/INFO] [ic2.Recipe]: Successfully loaded 27 out of 27 recipes for furnace recipes
[19:56:38] [Client thread/INFO] [ic2.Recipe]: Successfully loaded 5 out of 5 recipes for blast furnace recipes
[19:56:38] [Client thread/INFO] [ic2.Recipe]: Successfully loaded 14 out of 14 recipes for block cutter recipes
[19:56:38] [Client thread/INFO] [ic2.Recipe]: Successfully loaded 51 out of 51 recipes for compressor recipes
[19:56:38] [Client thread/INFO] [ic2.Recipe]: Successfully loaded 14 out of 14 recipes for extractor recipes
[19:56:38] [Client thread/INFO] [ic2.Recipe]: Successfully loaded 89 out of 89 recipes for macerator recipes
[19:56:38] [Client thread/INFO] [ic2.Recipe]: Successfully loaded 5 out of 5 recipes for metal former cutting recipes
[19:56:38] [Client thread/INFO] [ic2.Recipe]: Successfully loaded 10 out of 10 recipes for metal former extruding recipes
[19:56:38] [Client thread/INFO] [ic2.Recipe]: Successfully loaded 14 out of 14 recipes for metal former rolling recipes
[19:56:38] [Client thread/INFO] [ic2.Recipe]: Successfully loaded 8 out of 8 recipes for ore washing recipes
[19:56:38] [Client thread/INFO] [ic2.Recipe]: Successfully loaded 26 out of 26 recipes for thermal centrifuge recipes
[19:56:39] [Client thread/WARN] [ic2.Item]: The item tritium_fuel_rod is not initialized.
[19:56:39] [Client thread/WARN] [ic2.Item]: The item plasma_launcher is not initialized.
[19:56:39] [Client thread/WARN] [ic2.Item]: The item item_pipe is not initialized.
[19:56:39] [Client thread/WARN] [ic2.Item]: The item extractor_cover is not initialized.
[19:56:39] [Client thread/WARN] [ic2.Item]: The item ingot2 is not initialized.
[19:56:39] [Client thread/WARN] [ic2.Item]: The item test_pick is not initialized.
[19:56:39] [Client thread/WARN] [ic2.Block]: The fluid deuterium is not initialized.
[19:56:39] [Client thread/WARN] [ic2.Block]: The fluid molten_brass is not initialized.
[19:56:39] [Client thread/WARN] [ic2.Block]: The fluid molten_bronze is not initialized.
[19:56:39] [Client thread/WARN] [ic2.Block]: The fluid molten_copper is not initialized.
[19:56:39] [Client thread/WARN] [ic2.Block]: The fluid molten_gold is not initialized.
[19:56:39] [Client thread/WARN] [ic2.Block]: The fluid molten_iron is not initialized.
[19:56:39] [Client thread/WARN] [ic2.Block]: The fluid molten_lead is not initialized.
[19:56:39] [Client thread/WARN] [ic2.Block]: The fluid molten_silver is not initialized.
[19:56:39] [Client thread/WARN] [ic2.Block]: The fluid molten_steel is not initialized.
[19:56:39] [Client thread/WARN] [ic2.Block]: The fluid molten_tin is not initialized.
[19:56:39] [Client thread/WARN] [ic2.Block]: The fluid molten_zinc is not initialized.
[19:56:40] [Client thread/WARN] [FML]: Potentially Dangerous alternative prefix `minecraft` for name `extraplanetsmercury dungeon spawner`, expected `extraplanets`. This could be a intended override, but in most cases indicates a broken mod.
[19:56:40] [Client thread/WARN] [FML]: Potentially Dangerous alternative prefix `minecraft` for name `extraplanetstier 4 treasure chest`, expected `extraplanets`. This could be a intended override, but in most cases indicates a broken mod.
[19:56:40] [Client thread/WARN] [FML]: Potentially Dangerous alternative prefix `minecraft` for name `extraplanetsjuptier dungeon spawner`, expected `extraplanets`. This could be a intended override, but in most cases indicates a broken mod.
[19:56:40] [Client thread/WARN] [FML]: Potentially Dangerous alternative prefix `minecraft` for name `extraplanetstier 5 treasure chest`, expected `extraplanets`. This could be a intended override, but in most cases indicates a broken mod.
[19:56:40] [Client thread/WARN] [FML]: Potentially Dangerous alternative prefix `minecraft` for name `extraplanetssaturn dungeon spawner`, expected `extraplanets`. This could be a intended override, but in most cases indicates a broken mod.
[19:56:40] [Client thread/WARN] [FML]: Potentially Dangerous alternative prefix `minecraft` for name `extraplanetstier 6 treasure chest`, expected `extraplanets`. This could be a intended override, but in most cases indicates a broken mod.
[19:56:40] [Client thread/WARN] [FML]: Potentially Dangerous alternative prefix `minecraft` for name `extraplanetsuranus dungeon spawner`, expected `extraplanets`. This could be a intended override, but in most cases indicates a broken mod.
[19:56:40] [Client thread/WARN] [FML]: Potentially Dangerous alternative prefix `minecraft` for name `extraplanetstier 7 treasure chest`, expected `extraplanets`. This could be a intended override, but in most cases indicates a broken mod.
[19:56:40] [Client thread/WARN] [FML]: Potentially Dangerous alternative prefix `minecraft` for name `extraplanetsneptune dungeon spawner`, expected `extraplanets`. This could be a intended override, but in most cases indicates a broken mod.
[19:56:40] [Client thread/WARN] [FML]: Potentially Dangerous alternative prefix `minecraft` for name `extraplanetstier 8 treasure chest`, expected `extraplanets`. This could be a intended override, but in most cases indicates a broken mod.
[19:56:40] [Client thread/WARN] [FML]: Potentially Dangerous alternative prefix `minecraft` for name `extraplanetspluto dungeon spawner`, expected `extraplanets`. This could be a intended override, but in most cases indicates a broken mod.
[19:56:40] [Client thread/WARN] [FML]: Potentially Dangerous alternative prefix `minecraft` for name `extraplanetstier 9 treasure chest`, expected `extraplanets`. This could be a intended override, but in most cases indicates a broken mod.
[19:56:40] [Client thread/WARN] [FML]: Potentially Dangerous alternative prefix `minecraft` for name `extraplanetseris dungeon spawner`, expected `extraplanets`. This could be a intended override, but in most cases indicates a broken mod.
[19:56:40] [Client thread/WARN] [FML]: Potentially Dangerous alternative prefix `minecraft` for name `extraplanetstier 10 treasure chest`, expected `extraplanets`. This could be a intended override, but in most cases indicates a broken mod.
[19:56:40] [Client thread/WARN] [FML]: Potentially Dangerous alternative prefix `minecraft` for name `tier 2 landing pad`, expected `extraplanets`. This could be a intended override, but in most cases indicates a broken mod.
[19:56:40] [Client thread/WARN] [FML]: Potentially Dangerous alternative prefix `minecraft` for name `tier 2 landing pad full`, expected `extraplanets`. This could be a intended override, but in most cases indicates a broken mod.
[19:56:40] [Client thread/WARN] [FML]: Potentially Dangerous alternative prefix `minecraft` for name `tier 3 landing pad`, expected `extraplanets`. This could be a intended override, but in most cases indicates a broken mod.
[19:56:40] [Client thread/WARN] [FML]: Potentially Dangerous alternative prefix `minecraft` for name `tier 3 landing pad full`, expected `extraplanets`. This could be a intended override, but in most cases indicates a broken mod.
[19:56:40] [Client thread/WARN] [FML]: Potentially Dangerous alternative prefix `minecraft` for name `powered charging pad`, expected `extraplanets`. This could be a intended override, but in most cases indicates a broken mod.
[19:56:40] [Client thread/WARN] [FML]: Potentially Dangerous alternative prefix `minecraft` for name `powered charging pad full`, expected `extraplanets`. This could be a intended override, but in most cases indicates a broken mod.
[19:56:40] [Client thread/WARN] [FML]: Potentially Dangerous alternative prefix `minecraft` for name `rocket charging pad`, expected `extraplanets`. This could be a intended override, but in most cases indicates a broken mod.
[19:56:40] [Client thread/WARN] [FML]: Potentially Dangerous alternative prefix `minecraft` for name `rocket charging pad full`, expected `extraplanets`. This could be a intended override, but in most cases indicates a broken mod.
[19:56:40] [Client thread/WARN] [FML]: Potentially Dangerous alternative prefix `minecraft` for name `extraplanetsbasic decontamination unit fake`, expected `extraplanets`. This could be a intended override, but in most cases indicates a broken mod.
[19:56:41] [Client thread/WARN] [FML]: Potentially Dangerous alternative prefix `minecraft` for name `extraplanetsadvancedrefinery`, expected `extraplanets`. This could be a intended override, but in most cases indicates a broken mod.
[19:56:41] [Client thread/WARN] [FML]: Potentially Dangerous alternative prefix `minecraft` for name `extraplanetsultimaterefinery`, expected `extraplanets`. This could be a intended override, but in most cases indicates a broken mod.
[19:56:41] [Client thread/WARN] [FML]: Potentially Dangerous alternative prefix `minecraft` for name `extraplanetssolar panel`, expected `extraplanets`. This could be a intended override, but in most cases indicates a broken mod.
[19:56:41] [Client thread/WARN] [FML]: Potentially Dangerous alternative prefix `minecraft` for name `extraplanetsadvanced oxygen compressor`, expected `extraplanets`. This could be a intended override, but in most cases indicates a broken mod.
[19:56:41] [Client thread/WARN] [FML]: Potentially Dangerous alternative prefix `minecraft` for name `extraplanetsadvanced oxygen decompressor`, expected `extraplanets`. This could be a intended override, but in most cases indicates a broken mod.
[19:56:41] [Client thread/WARN] [FML]: Potentially Dangerous alternative prefix `minecraft` for name `extraplanetsultimate oxygen compressor`, expected `extraplanets`. This could be a intended override, but in most cases indicates a broken mod.
[19:56:41] [Client thread/WARN] [FML]: Potentially Dangerous alternative prefix `minecraft` for name `extraplanetsultimate oxygen decompressor`, expected `extraplanets`. This could be a intended override, but in most cases indicates a broken mod.
[19:56:41] [Client thread/WARN] [FML]: Potentially Dangerous alternative prefix `minecraft` for name `extraplanetsbasic decrystallizer`, expected `extraplanets`. This could be a intended override, but in most cases indicates a broken mod.
[19:56:41] [Client thread/WARN] [FML]: Potentially Dangerous alternative prefix `minecraft` for name `extraplanetsbasic crystallizer`, expected `extraplanets`. This could be a intended override, but in most cases indicates a broken mod.
[19:56:41] [Client thread/WARN] [FML]: Potentially Dangerous alternative prefix `minecraft` for name `extraplanetsbasic smasher`, expected `extraplanets`. This could be a intended override, but in most cases indicates a broken mod.
[19:56:41] [Client thread/WARN] [FML]: Potentially Dangerous alternative prefix `minecraft` for name `extraplanetsbasic chemical injector`, expected `extraplanets`. This could be a intended override, but in most cases indicates a broken mod.
[19:56:41] [Client thread/WARN] [FML]: Potentially Dangerous alternative prefix `minecraft` for name `extraplanetsbasic solar evaporation chamber`, expected `extraplanets`. This could be a intended override, but in most cases indicates a broken mod.
[19:56:41] [Client thread/WARN] [FML]: Potentially Dangerous alternative prefix `minecraft` for name `extraplanetsbasic purifier`, expected `extraplanets`. This could be a intended override, but in most cases indicates a broken mod.
[19:56:41] [Client thread/WARN] [FML]: Potentially Dangerous alternative prefix `minecraft` for name `extraplanetsbasic decontamination unit`, expected `extraplanets`. This could be a intended override, but in most cases indicates a broken mod.
[19:56:41] [Client thread/WARN] [FML]: Potentially Dangerous alternative prefix `minecraft` for name `extraplanetsadvancedfuelloader`, expected `extraplanets`. This could be a intended override, but in most cases indicates a broken mod.
[19:56:41] [Client thread/WARN] [FML]: Potentially Dangerous alternative prefix `minecraft` for name `extraplanetsultimatefuelloader`, expected `extraplanets`. This could be a intended override, but in most cases indicates a broken mod.
[19:56:41] [Client thread/WARN] [FML]: Potentially Dangerous alternative prefix `minecraft` for name `extraplanetsbasic densifier`, expected `extraplanets`. This could be a intended override, but in most cases indicates a broken mod.
[19:56:41] [Client thread/WARN] [FML]: Potentially Dangerous alternative prefix `minecraft` for name `extraplanetsvehiclechanger`, expected `extraplanets`. This could be a intended override, but in most cases indicates a broken mod.
[19:56:41] [Client thread/INFO] [FML]: OBJLoader: Domain extraplanets has been added.
[19:56:41] [Client thread/WARN] [FML]: ****************************************
[19:56:41] [Client thread/WARN] [FML]: * Invalid registration attempt for an Ore Dictionary item with name oreThorium has occurred. The registration has been denied to prevent crashes. The mod responsible for the registration needs to correct this.
[19:56:41] [Client thread/WARN] [FML]: *  at net.minecraftforge.oredict.OreDictionary.registerOreImpl(OreDictionary.java:665)
[19:56:41] [Client thread/WARN] [FML]: *  at net.minecraftforge.oredict.OreDictionary.registerOre(OreDictionary.java:651)
[19:56:41] [Client thread/WARN] [FML]: *  at net.minecraftforge.oredict.OreDictionary.registerOre(OreDictionary.java:650)
[19:56:41] [Client thread/WARN] [FML]: *  at com.ic2additions.init.OreDict.registerOres(OreDict.java:6)
[19:56:41] [Client thread/WARN] [FML]: *  at com.ic2additions.main.IC2Additions.preinit(IC2Additions.java:65)
[19:56:41] [Client thread/WARN] [FML]: *  at sun.reflect.NativeMethodAccessorImpl.invoke0(Native Method)...
[19:56:41] [Client thread/WARN] [FML]: ****************************************
[19:56:41] [Client thread/INFO] [FML]: OBJLoader: Domain justsanwich has been added.
[19:56:41] [Client thread/INFO] [FML]: OBJLoader: Domain money has been added.
[19:56:42] [Client thread/INFO] [FML]: OBJLoader: Domain techguns has been added.
[19:56:42] [Client thread/WARN] [FML]: Potentially Dangerous alternative prefix `minecraft` for name `electrolyzer`, expected `alchemistry`. This could be a intended override, but in most cases indicates a broken mod.
[19:56:42] [Client thread/WARN] [FML]: Potentially Dangerous alternative prefix `minecraft` for name `chemical_dissolver`, expected `alchemistry`. This could be a intended override, but in most cases indicates a broken mod.
[19:56:42] [Client thread/WARN] [FML]: Potentially Dangerous alternative prefix `minecraft` for name `chemical_combiner`, expected `alchemistry`. This could be a intended override, but in most cases indicates a broken mod.
[19:56:42] [Client thread/WARN] [FML]: Potentially Dangerous alternative prefix `minecraft` for name `evaporator`, expected `alchemistry`. This could be a intended override, but in most cases indicates a broken mod.
[19:56:42] [Client thread/WARN] [FML]: Potentially Dangerous alternative prefix `minecraft` for name `atomizer`, expected `alchemistry`. This could be a intended override, but in most cases indicates a broken mod.
[19:56:42] [Client thread/WARN] [FML]: Potentially Dangerous alternative prefix `minecraft` for name `liquifier`, expected `alchemistry`. This could be a intended override, but in most cases indicates a broken mod.
[19:56:42] [Client thread/WARN] [FML]: Potentially Dangerous alternative prefix `minecraft` for name `fission_controller`, expected `alchemistry`. This could be a intended override, but in most cases indicates a broken mod.
[19:56:42] [Client thread/WARN] [FML]: Potentially Dangerous alternative prefix `minecraft` for name `fusion_controller`, expected `alchemistry`. This could be a intended override, but in most cases indicates a broken mod.
[19:56:43] [Client thread/INFO] [FML]: Applying holder lookups
[19:56:43] [Client thread/INFO] [FML]: Holder lookups applied
[19:56:43] [Client thread/WARN] [FML]: Potentially Dangerous alternative prefix `ic2` for name `quantum_helmet`, expected `ic2additions`. This could be a intended override, but in most cases indicates a broken mod.
[19:56:43] [Client thread/WARN] [FML]: Potentially Dangerous alternative prefix `ic2` for name `quantum_chestplate`, expected `ic2additions`. This could be a intended override, but in most cases indicates a broken mod.
[19:56:43] [Client thread/WARN] [FML]: Potentially Dangerous alternative prefix `ic2` for name `quantum_leggings`, expected `ic2additions`. This could be a intended override, but in most cases indicates a broken mod.
[19:56:43] [Client thread/WARN] [FML]: Potentially Dangerous alternative prefix `ic2` for name `quantum_boots`, expected `ic2additions`. This could be a intended override, but in most cases indicates a broken mod.
[19:56:43] [Client thread/WARN] [FML]: Potentially Dangerous alternative prefix `ic2` for name `nano_helmet`, expected `ic2additions`. This could be a intended override, but in most cases indicates a broken mod.
[19:56:43] [Client thread/WARN] [FML]: Potentially Dangerous alternative prefix `ic2` for name `nano_chestplate`, expected `ic2additions`. This could be a intended override, but in most cases indicates a broken mod.
[19:56:43] [Client thread/WARN] [FML]: Potentially Dangerous alternative prefix `ic2` for name `nano_leggings`, expected `ic2additions`. This could be a intended override, but in most cases indicates a broken mod.
[19:56:43] [Client thread/WARN] [FML]: Potentially Dangerous alternative prefix `ic2` for name `nano_boots`, expected `ic2additions`. This could be a intended override, but in most cases indicates a broken mod.
[19:56:43] [Client thread/INFO] [FML]: Applying holder lookups
[19:56:43] [Client thread/INFO] [FML]: Holder lookups applied
[19:56:43] [Client thread/INFO] [FML]: Applying holder lookups
[19:56:43] [Client thread/INFO] [FML]: Holder lookups applied
[19:56:43] [Client thread/INFO] [STDOUT]: [com.vnator.adminshop.ModItems:registerModels:28]: Number of Items: 1
[19:56:43] [Client thread/INFO] [FML]: Applying holder lookups
[19:56:43] [Client thread/INFO] [FML]: Holder lookups applied
[19:56:43] [Client thread/INFO] [FML]: Injecting itemstacks
[19:56:43] [Client thread/INFO] [FML]: Itemstack injection complete
[19:56:43] [Client thread/INFO] [Config]: [OptiFine] *** Reloading textures ***
[19:56:43] [Client thread/INFO] [Config]: [OptiFine] Resource packs: splash
[19:56:44] [Client thread/WARN] [net.minecraft.client.audio.SoundHandler]: File techguns:sounds/guns/shishkebap_swing_b.ogg does not exist, cannot add it to event techguns:guns.shishkebabfire
[19:56:44] [Client thread/WARN] [net.minecraft.client.audio.SoundHandler]: File techguns:sounds/guns/shishkebap_swing_c.ogg does not exist, cannot add it to event techguns:guns.shishkebabfire
[19:56:44] [Client thread/WARN] [net.minecraft.client.audio.SoundManager]: Missing sound for event: techguns:guns.cyberdemonblasterreload
[19:56:44] [Client thread/WARN] [net.minecraft.client.audio.SoundManager]: Missing sound for event: techguns:jetpack.end
[19:56:44] [Sound Library Loader/INFO] [net.minecraft.client.audio.SoundManager]: Starting up SoundSystem...
[19:56:44] [Thread-5/INFO] [net.minecraft.client.audio.SoundManager]: Initializing LWJGL OpenAL
[19:56:44] [Thread-5/INFO] [net.minecraft.client.audio.SoundManager]: (The LWJGL binding of OpenAL.  For more information, see http://www.lwjgl.org)
[19:56:45] [Thread-5/INFO] [net.minecraft.client.audio.SoundManager]: OpenAL initialized.
[19:56:45] [Sound Library Loader/INFO] [net.minecraft.client.audio.SoundManager]: Sound engine started
[19:56:49] [Client thread/INFO] [Config]: [OptiFine] Mipmap levels: 4
[19:56:49] [Client thread/INFO] [Config]: [OptiFine] Multitexture: false
[19:56:49] [Client thread/INFO] [Config]: [OptiFine] Multipass connected textures: false
[19:56:49] [Client thread/INFO] [Config]: [OptiFine] ConnectedTextures: mcpatcher/ctm/default/0_glass_white/glass_pane_white.properties
[19:56:49] [Client thread/INFO] [Config]: [OptiFine] ConnectedTextures: mcpatcher/ctm/default/0_glass_white/glass_white.properties
[19:56:49] [Client thread/INFO] [Config]: [OptiFine] ConnectedTextures: mcpatcher/ctm/default/10_glass_purple/glass_pane_purple.properties
[19:56:49] [Client thread/INFO] [Config]: [OptiFine] ConnectedTextures: mcpatcher/ctm/default/10_glass_purple/glass_purple.properties
[19:56:49] [Client thread/INFO] [Config]: [OptiFine] ConnectedTextures: mcpatcher/ctm/default/11_glass_blue/glass_blue.properties
[19:56:49] [Client thread/INFO] [Config]: [OptiFine] ConnectedTextures: mcpatcher/ctm/default/11_glass_blue/glass_pane_blue.properties
[19:56:50] [Client thread/INFO] [Config]: [OptiFine] ConnectedTextures: mcpatcher/ctm/default/12_glass_brown/glass_brown.properties
[19:56:50] [Client thread/INFO] [Config]: [OptiFine] ConnectedTextures: mcpatcher/ctm/default/12_glass_brown/glass_pane_brown.properties
[19:56:50] [Client thread/INFO] [Config]: [OptiFine] ConnectedTextures: mcpatcher/ctm/default/13_glass_green/glass_green.properties
[19:56:50] [Client thread/INFO] [Config]: [OptiFine] ConnectedTextures: mcpatcher/ctm/default/13_glass_green/glass_pane_green.properties
[19:56:50] [Client thread/INFO] [Config]: [OptiFine] ConnectedTextures: mcpatcher/ctm/default/14_glass_red/glass_pane_red.properties
[19:56:50] [Client thread/INFO] [Config]: [OptiFine] ConnectedTextures: mcpatcher/ctm/default/14_glass_red/glass_red.properties
[19:56:50] [Client thread/INFO] [Config]: [OptiFine] ConnectedTextures: mcpatcher/ctm/default/15_glass_black/glass_black.properties
[19:56:50] [Client thread/INFO] [Config]: [OptiFine] ConnectedTextures: mcpatcher/ctm/default/15_glass_black/glass_pane_black.properties
[19:56:50] [Client thread/INFO] [Config]: [OptiFine] ConnectedTextures: mcpatcher/ctm/default/1_glass_orange/glass_orange.properties
[19:56:50] [Client thread/INFO] [Config]: [OptiFine] ConnectedTextures: mcpatcher/ctm/default/1_glass_orange/glass_pane_orange.properties
[19:56:50] [Client thread/INFO] [Config]: [OptiFine] ConnectedTextures: mcpatcher/ctm/default/2_glass_magenta/glass_magenta.properties
[19:56:50] [Client thread/INFO] [Config]: [OptiFine] ConnectedTextures: mcpatcher/ctm/default/2_glass_magenta/glass_pane_magenta.properties
[19:56:50] [Client thread/INFO] [Config]: [OptiFine] ConnectedTextures: mcpatcher/ctm/default/3_glass_light_blue/glass_light_blue.properties
[19:56:50] [Client thread/INFO] [Config]: [OptiFine] ConnectedTextures: mcpatcher/ctm/default/3_glass_light_blue/glass_pane_light_blue.properties
[19:56:50] [Client thread/INFO] [Config]: [OptiFine] ConnectedTextures: mcpatcher/ctm/default/4_glass_yellow/glass_pane_yellow.properties
[19:56:50] [Client thread/INFO] [Config]: [OptiFine] ConnectedTextures: mcpatcher/ctm/default/4_glass_yellow/glass_yellow.properties
[19:56:50] [Client thread/INFO] [Config]: [OptiFine] ConnectedTextures: mcpatcher/ctm/default/5_glass_lime/glass_lime.properties
[19:56:50] [Client thread/INFO] [Config]: [OptiFine] ConnectedTextures: mcpatcher/ctm/default/5_glass_lime/glass_pane_lime.properties
[19:56:50] [Client thread/INFO] [Config]: [OptiFine] ConnectedTextures: mcpatcher/ctm/default/6_glass_pink/glass_pane_pink.properties
[19:56:50] [Client thread/INFO] [Config]: [OptiFine] ConnectedTextures: mcpatcher/ctm/default/6_glass_pink/glass_pink.properties
[19:56:50] [Client thread/INFO] [Config]: [OptiFine] ConnectedTextures: mcpatcher/ctm/default/7_glass_gray/glass_gray.properties
[19:56:50] [Client thread/INFO] [Config]: [OptiFine] ConnectedTextures: mcpatcher/ctm/default/7_glass_gray/glass_pane_gray.properties
[19:56:50] [Client thread/INFO] [Config]: [OptiFine] ConnectedTextures: mcpatcher/ctm/default/8_glass_silver/glass_pane_silver.properties
[19:56:50] [Client thread/INFO] [Config]: [OptiFine] ConnectedTextures: mcpatcher/ctm/default/8_glass_silver/glass_silver.properties
[19:56:50] [Client thread/INFO] [Config]: [OptiFine] ConnectedTextures: mcpatcher/ctm/default/9_glass_cyan/glass_cyan.properties
[19:56:50] [Client thread/INFO] [Config]: [OptiFine] ConnectedTextures: mcpatcher/ctm/default/9_glass_cyan/glass_pane_cyan.properties
[19:56:50] [Client thread/INFO] [Config]: [OptiFine] ConnectedTextures: mcpatcher/ctm/default/bookshelf.properties
[19:56:50] [Client thread/INFO] [Config]: [OptiFine] ConnectedTextures: mcpatcher/ctm/default/glass.properties
[19:56:50] [Client thread/INFO] [Config]: [OptiFine] ConnectedTextures: mcpatcher/ctm/default/glasspane.properties
[19:56:50] [Client thread/INFO] [Config]: [OptiFine] ConnectedTextures: mcpatcher/ctm/default/sandstone.properties
[19:56:50] [Client thread/INFO] [Config]: [OptiFine] Multipass connected textures: false
[19:56:50] [Client thread/INFO] [Config]: [OptiFine] BetterGrass: Parsing default configuration optifine/bettergrass.properties
[19:56:50] [Client thread/ERROR] [net.minecraft.client.renderer.texture.TextureMap]: Using missing texture, unable to load techguns:textures/items/as50magazine_explosive.png, java.io.FileNotFoundException
[19:56:50] [Client thread/INFO] [Config]: [OptiFine] Scaled too small texture: securitycraft:particle/floor_trap_cloud, 8 -> 16
[19:56:50] [Client thread/ERROR] [net.minecraft.client.renderer.texture.TextureMap]: Using missing texture, unable to load techguns:textures/items/lmgmagazineempty.png, java.io.FileNotFoundException
[19:56:50] [Client thread/ERROR] [net.minecraft.client.renderer.texture.TextureMap]: Using missing texture, unable to load techguns:textures/items/as50magazine_incendiary.png, java.io.FileNotFoundException
[19:56:50] [Client thread/ERROR] [net.minecraft.client.renderer.texture.TextureMap]: Using missing texture, unable to load techguns:textures/items/door3x3.png, java.io.FileNotFoundException
[19:56:51] [Client thread/ERROR] [net.minecraft.client.renderer.texture.TextureMap]: Using missing texture, unable to load minecraft:textures/blocks/machines_generic.png, java.io.FileNotFoundException
[19:56:51] [Client thread/ERROR] [net.minecraft.client.renderer.texture.TextureMap]: Using missing texture, unable to load techguns:textures/items/rocket_high_velocity.png, java.io.FileNotFoundException
[19:56:51] [Client thread/ERROR] [net.minecraft.client.renderer.texture.TextureMap]: Using missing texture, unable to load techguns:textures/items/bunkerdoor.png, java.io.FileNotFoundException
[19:56:51] [Client thread/ERROR] [net.minecraft.client.renderer.texture.TextureMap]: Using missing texture, unable to load techguns:textures/items/assaultriflemagazine_incendiary.png, java.io.FileNotFoundException
[19:56:51] [Client thread/ERROR] [net.minecraft.client.renderer.texture.TextureMap]: Using missing texture, unable to load techguns:textures/items/lmgmagazine_incendiary.png, java.io.FileNotFoundException
[19:56:51] [Client thread/ERROR] [net.minecraft.client.renderer.texture.TextureMap]: Using missing texture, unable to load techguns:textures/items/assaultriflemagazineempty.png, java.io.FileNotFoundException
[19:56:51] [Client thread/INFO] [Config]: [OptiFine] Scaled non power of 2: securitycraft:entity/frame/noise_background, 14 -> 16
[19:56:52] [Client thread/ERROR] [net.minecraft.client.renderer.texture.TextureMap]: Using missing texture, unable to load techguns:textures/items/as50magazineempty.png, java.io.FileNotFoundException
[19:56:52] [Client thread/ERROR] [net.minecraft.client.renderer.texture.TextureMap]: Using missing texture, unable to load techguns:textures/items/rocket_nuke.png, java.io.FileNotFoundException
[19:56:52] [Client thread/ERROR] [net.minecraft.client.renderer.texture.TextureMap]: Using missing texture, unable to load techguns:textures/items/assaultriflemagazine.png, java.io.FileNotFoundException
[19:56:52] [Client thread/INFO] [Config]: [OptiFine] Scaled non power of 2: extraplanets:items/geiger_counter, 24 -> 32
[19:56:52] [Client thread/ERROR] [net.minecraft.client.renderer.texture.TextureMap]: Using missing texture, unable to load money:textures/blocks/.png, java.io.FileNotFoundException
[19:56:52] [Client thread/ERROR] [net.minecraft.client.renderer.texture.TextureMap]: Using missing texture, unable to load techguns:textures/items/as50magazine.png, java.io.FileNotFoundException
[19:56:53] [Client thread/ERROR] [net.minecraft.client.renderer.texture.TextureMap]: Using missing texture, unable to load techguns:textures/items/lmgmagazine.png, java.io.FileNotFoundException
[19:56:53] [Client thread/ERROR] [net.minecraft.client.renderer.texture.TextureMap]: Using missing texture, unable to load techguns:textures/items/rocket.png, java.io.FileNotFoundException
[19:56:53] [Client thread/INFO] [Config]: [OptiFine] Custom loader sprites: 3
[19:56:53] [Client thread/INFO] [Config]: [OptiFine] Sprite dependencies: 5
[19:56:53] [Client thread/INFO] [net.minecraft.client.renderer.texture.TextureMap]: Created: 4096x4096 textures-atlas
[19:56:53] [Client thread/INFO] [Config]: [OptiFine] Animated sprites: 151
[19:56:53] [Client thread/WARN] [net.minecraft.client.renderer.block.model.ModelBlock]: Unable to resolve texture due to upward reference: #top in minecraft:models/block/orientable.json
[19:56:53] [Client thread/WARN] [net.minecraft.client.renderer.block.model.ModelBlock]: Unable to resolve texture due to upward reference: #top in minecraft:models/block/orientable.json
[19:56:53] [Client thread/WARN] [net.minecraft.client.renderer.block.model.ModelBlock]: Unable to resolve texture due to upward reference: #front in minecraft:models/block/orientable.json
[19:56:53] [Client thread/WARN] [net.minecraft.client.renderer.block.model.ModelBlock]: Unable to resolve texture due to upward reference: #side in minecraft:models/block/orientable.json
[19:56:53] [Client thread/WARN] [net.minecraft.client.renderer.block.model.ModelBlock]: Unable to resolve texture due to upward reference: #side in minecraft:models/block/orientable.json
[19:56:53] [Client thread/WARN] [net.minecraft.client.renderer.block.model.ModelBlock]: Unable to resolve texture due to upward reference: #side in minecraft:models/block/orientable.json
[19:56:53] [Client thread/ERROR] [FML]: MultiModel minecraft:builtin/missing is empty (no base model or parts were provided/resolved)
[19:56:53] [Client thread/ERROR] [FML]: MultiModel minecraft:builtin/missing is empty (no base model or parts were provided/resolved)
[19:56:53] [Client thread/WARN] [net.minecraft.client.renderer.block.model.ModelBlock]: Unable to resolve texture due to upward reference: #top in minecraft:models/block/orientable.json
[19:56:53] [Client thread/WARN] [net.minecraft.client.renderer.block.model.ModelBlock]: Unable to resolve texture due to upward reference: #top in minecraft:models/block/orientable.json
[19:56:53] [Client thread/WARN] [net.minecraft.client.renderer.block.model.ModelBlock]: Unable to resolve texture due to upward reference: #front in minecraft:models/block/orientable.json
[19:56:53] [Client thread/WARN] [net.minecraft.client.renderer.block.model.ModelBlock]: Unable to resolve texture due to upward reference: #side in minecraft:models/block/orientable.json
[19:56:53] [Client thread/WARN] [net.minecraft.client.renderer.block.model.ModelBlock]: Unable to resolve texture due to upward reference: #side in minecraft:models/block/orientable.json
[19:56:53] [Client thread/WARN] [net.minecraft.client.renderer.block.model.ModelBlock]: Unable to resolve texture due to upward reference: #side in minecraft:models/block/orientable.json
[19:56:53] [Client thread/WARN] [net.minecraft.client.renderer.block.model.ModelBlock]: Unable to resolve texture due to upward reference: #top in minecraft:models/block/orientable.json
[19:56:53] [Client thread/WARN] [net.minecraft.client.renderer.block.model.ModelBlock]: Unable to resolve texture due to upward reference: #top in minecraft:models/block/orientable.json
[19:56:53] [Client thread/WARN] [net.minecraft.client.renderer.block.model.ModelBlock]: Unable to resolve texture due to upward reference: #front in minecraft:models/block/orientable.json
[19:56:53] [Client thread/WARN] [net.minecraft.client.renderer.block.model.ModelBlock]: Unable to resolve texture due to upward reference: #side in minecraft:models/block/orientable.json
[19:56:53] [Client thread/WARN] [net.minecraft.client.renderer.block.model.ModelBlock]: Unable to resolve texture due to upward reference: #side in minecraft:models/block/orientable.json
[19:56:53] [Client thread/WARN] [net.minecraft.client.renderer.block.model.ModelBlock]: Unable to resolve texture due to upward reference: #side in minecraft:models/block/orientable.json
[19:56:54] [Client thread/WARN] [net.minecraft.client.renderer.block.model.ModelBlock]: Unable to resolve texture due to upward reference: #top in minecraft:models/block/orientable.json
[19:56:54] [Client thread/WARN] [net.minecraft.client.renderer.block.model.ModelBlock]: Unable to resolve texture due to upward reference: #top in minecraft:models/block/orientable.json
[19:56:54] [Client thread/WARN] [net.minecraft.client.renderer.block.model.ModelBlock]: Unable to resolve texture due to upward reference: #front in minecraft:models/block/orientable.json
[19:56:54] [Client thread/WARN] [net.minecraft.client.renderer.block.model.ModelBlock]: Unable to resolve texture due to upward reference: #side in minecraft:models/block/orientable.json
[19:56:54] [Client thread/WARN] [net.minecraft.client.renderer.block.model.ModelBlock]: Unable to resolve texture due to upward reference: #side in minecraft:models/block/orientable.json
[19:56:54] [Client thread/WARN] [net.minecraft.client.renderer.block.model.ModelBlock]: Unable to resolve texture due to upward reference: #side in minecraft:models/block/orientable.json
[19:56:54] [Client thread/WARN] [net.minecraft.client.renderer.block.model.ModelBlock]: Unable to resolve texture due to upward reference: #top in minecraft:models/block/orientable.json
[19:56:54] [Client thread/WARN] [net.minecraft.client.renderer.block.model.ModelBlock]: Unable to resolve texture due to upward reference: #top in minecraft:models/block/orientable.json
[19:56:54] [Client thread/WARN] [net.minecraft.client.renderer.block.model.ModelBlock]: Unable to resolve texture due to upward reference: #front in minecraft:models/block/orientable.json
[19:56:54] [Client thread/WARN] [net.minecraft.client.renderer.block.model.ModelBlock]: Unable to resolve texture due to upward reference: #side in minecraft:models/block/orientable.json
[19:56:54] [Client thread/WARN] [net.minecraft.client.renderer.block.model.ModelBlock]: Unable to resolve texture due to upward reference: #side in minecraft:models/block/orientable.json
[19:56:54] [Client thread/WARN] [net.minecraft.client.renderer.block.model.ModelBlock]: Unable to resolve texture due to upward reference: #side in minecraft:models/block/orientable.json
[19:56:54] [Client thread/WARN] [net.minecraft.client.renderer.block.model.ModelBlock]: Unable to resolve texture due to upward reference: #top in minecraft:models/block/orientable.json
[19:56:54] [Client thread/WARN] [net.minecraft.client.renderer.block.model.ModelBlock]: Unable to resolve texture due to upward reference: #top in minecraft:models/block/orientable.json
[19:56:54] [Client thread/WARN] [net.minecraft.client.renderer.block.model.ModelBlock]: Unable to resolve texture due to upward reference: #front in minecraft:models/block/orientable.json
[19:56:54] [Client thread/WARN] [net.minecraft.client.renderer.block.model.ModelBlock]: Unable to resolve texture due to upward reference: #side in minecraft:models/block/orientable.json
[19:56:54] [Client thread/WARN] [net.minecraft.client.renderer.block.model.ModelBlock]: Unable to resolve texture due to upward reference: #side in minecraft:models/block/orientable.json
[19:56:54] [Client thread/WARN] [net.minecraft.client.renderer.block.model.ModelBlock]: Unable to resolve texture due to upward reference: #side in minecraft:models/block/orientable.json
[19:56:54] [Client thread/ERROR] [FML]: MultiModel minecraft:builtin/missing is empty (no base model or parts were provided/resolved)
[19:56:54] [Client thread/WARN] [net.minecraft.client.renderer.block.model.ModelBlock]: Unable to resolve texture due to upward reference: #top in minecraft:models/block/orientable.json
[19:56:54] [Client thread/WARN] [net.minecraft.client.renderer.block.model.ModelBlock]: Unable to resolve texture due to upward reference: #top in minecraft:models/block/orientable.json
[19:56:54] [Client thread/WARN] [net.minecraft.client.renderer.block.model.ModelBlock]: Unable to resolve texture due to upward reference: #front in minecraft:models/block/orientable.json
[19:56:54] [Client thread/WARN] [net.minecraft.client.renderer.block.model.ModelBlock]: Unable to resolve texture due to upward reference: #side in minecraft:models/block/orientable.json
[19:56:54] [Client thread/WARN] [net.minecraft.client.renderer.block.model.ModelBlock]: Unable to resolve texture due to upward reference: #side in minecraft:models/block/orientable.json
[19:56:54] [Client thread/WARN] [net.minecraft.client.renderer.block.model.ModelBlock]: Unable to resolve texture due to upward reference: #side in minecraft:models/block/orientable.json
[19:56:54] [Client thread/ERROR] [FML]: MultiModel minecraft:builtin/missing is empty (no base model or parts were provided/resolved)
[19:56:54] [Client thread/ERROR] [FML]: MultiModel minecraft:builtin/missing is empty (no base model or parts were provided/resolved)
[19:56:54] [Client thread/WARN] [net.minecraft.client.renderer.block.model.ModelBlock]: Unable to resolve texture due to upward reference: #top in minecraft:models/block/orientable.json
[19:56:54] [Client thread/WARN] [net.minecraft.client.renderer.block.model.ModelBlock]: Unable to resolve texture due to upward reference: #top in minecraft:models/block/orientable.json
[19:56:54] [Client thread/WARN] [net.minecraft.client.renderer.block.model.ModelBlock]: Unable to resolve texture due to upward reference: #front in minecraft:models/block/orientable.json
[19:56:54] [Client thread/WARN] [net.minecraft.client.renderer.block.model.ModelBlock]: Unable to resolve texture due to upward reference: #side in minecraft:models/block/orientable.json
[19:56:54] [Client thread/WARN] [net.minecraft.client.renderer.block.model.ModelBlock]: Unable to resolve texture due to upward reference: #side in minecraft:models/block/orientable.json
[19:56:54] [Client thread/WARN] [net.minecraft.client.renderer.block.model.ModelBlock]: Unable to resolve texture due to upward reference: #side in minecraft:models/block/orientable.json
[19:56:54] [Client thread/ERROR] [FML]: MultiModel minecraft:builtin/missing is empty (no base model or parts were provided/resolved)
[19:56:54] [Client thread/ERROR] [FML]: MultiModel minecraft:builtin/missing is empty (no base model or parts were provided/resolved)
[19:56:54] [Client thread/WARN] [net.minecraft.client.renderer.block.model.ModelBlock]: Unable to resolve texture due to upward reference: #top in minecraft:models/block/orientable.json
[19:56:54] [Client thread/WARN] [net.minecraft.client.renderer.block.model.ModelBlock]: Unable to resolve texture due to upward reference: #top in minecraft:models/block/orientable.json
[19:56:54] [Client thread/WARN] [net.minecraft.client.renderer.block.model.ModelBlock]: Unable to resolve texture due to upward reference: #front in minecraft:models/block/orientable.json
[19:56:54] [Client thread/WARN] [net.minecraft.client.renderer.block.model.ModelBlock]: Unable to resolve texture due to upward reference: #side in minecraft:models/block/orientable.json
[19:56:54] [Client thread/WARN] [net.minecraft.client.renderer.block.model.ModelBlock]: Unable to resolve texture due to upward reference: #side in minecraft:models/block/orientable.json
[19:56:54] [Client thread/WARN] [net.minecraft.client.renderer.block.model.ModelBlock]: Unable to resolve texture due to upward reference: #side in minecraft:models/block/orientable.json
[19:56:54] [Client thread/ERROR] [FML]: MultiModel minecraft:builtin/missing is empty (no base model or parts were provided/resolved)
[19:56:54] [Client thread/ERROR] [FML]: MultiModel minecraft:builtin/missing is empty (no base model or parts were provided/resolved)
[19:56:54] [Client thread/ERROR] [FML]: MultiModel minecraft:builtin/missing is empty (no base model or parts were provided/resolved)
[19:56:54] [Client thread/WARN] [net.minecraft.client.renderer.block.model.ModelBlock]: Unable to resolve texture due to upward reference: #top in minecraft:models/block/orientable.json
[19:56:54] [Client thread/WARN] [net.minecraft.client.renderer.block.model.ModelBlock]: Unable to resolve texture due to upward reference: #top in minecraft:models/block/orientable.json
[19:56:54] [Client thread/WARN] [net.minecraft.client.renderer.block.model.ModelBlock]: Unable to resolve texture due to upward reference: #front in minecraft:models/block/orientable.json
[19:56:54] [Client thread/WARN] [net.minecraft.client.renderer.block.model.ModelBlock]: Unable to resolve texture due to upward reference: #side in minecraft:models/block/orientable.json
[19:56:54] [Client thread/WARN] [net.minecraft.client.renderer.block.model.ModelBlock]: Unable to resolve texture due to upward reference: #side in minecraft:models/block/orientable.json
[19:56:54] [Client thread/WARN] [net.minecraft.client.renderer.block.model.ModelBlock]: Unable to resolve texture due to upward reference: #side in minecraft:models/block/orientable.json
[19:56:54] [Client thread/WARN] [net.minecraft.client.renderer.block.model.ModelBlock]: Unable to resolve texture due to upward reference: #top in minecraft:models/block/orientable.json
[19:56:54] [Client thread/WARN] [net.minecraft.client.renderer.block.model.ModelBlock]: Unable to resolve texture due to upward reference: #top in minecraft:models/block/orientable.json
[19:56:54] [Client thread/WARN] [net.minecraft.client.renderer.block.model.ModelBlock]: Unable to resolve texture due to upward reference: #front in minecraft:models/block/orientable.json
[19:56:54] [Client thread/WARN] [net.minecraft.client.renderer.block.model.ModelBlock]: Unable to resolve texture due to upward reference: #side in minecraft:models/block/orientable.json
[19:56:54] [Client thread/WARN] [net.minecraft.client.renderer.block.model.ModelBlock]: Unable to resolve texture due to upward reference: #side in minecraft:models/block/orientable.json
[19:56:54] [Client thread/WARN] [net.minecraft.client.renderer.block.model.ModelBlock]: Unable to resolve texture due to upward reference: #side in minecraft:models/block/orientable.json
[19:56:54] [Client thread/ERROR] [FML]: MultiModel minecraft:builtin/missing is empty (no base model or parts were provided/resolved)
[19:56:54] [Client thread/ERROR] [FML]: MultiModel minecraft:builtin/missing is empty (no base model or parts were provided/resolved)
[19:56:54] [Client thread/WARN] [net.minecraft.client.renderer.block.model.ModelBlock]: Unable to resolve texture due to upward reference: #top in minecraft:models/block/orientable.json
[19:56:54] [Client thread/WARN] [net.minecraft.client.renderer.block.model.ModelBlock]: Unable to resolve texture due to upward reference: #top in minecraft:models/block/orientable.json
[19:56:54] [Client thread/WARN] [net.minecraft.client.renderer.block.model.ModelBlock]: Unable to resolve texture due to upward reference: #front in minecraft:models/block/orientable.json
[19:56:54] [Client thread/WARN] [net.minecraft.client.renderer.block.model.ModelBlock]: Unable to resolve texture due to upward reference: #side in minecraft:models/block/orientable.json
[19:56:54] [Client thread/WARN] [net.minecraft.client.renderer.block.model.ModelBlock]: Unable to resolve texture due to upward reference: #side in minecraft:models/block/orientable.json
[19:56:54] [Client thread/WARN] [net.minecraft.client.renderer.block.model.ModelBlock]: Unable to resolve texture due to upward reference: #side in minecraft:models/block/orientable.json
[19:56:54] [Client thread/ERROR] [FML]: MultiModel minecraft:builtin/missing is empty (no base model or parts were provided/resolved)
[19:56:54] [Client thread/ERROR] [FML]: MultiModel minecraft:builtin/missing is empty (no base model or parts were provided/resolved)
[19:56:56] [Client thread/ERROR] [FML]: Parsing error loading recipe alchemistry:patchouli_book
com.google.gson.JsonSyntaxException: Unknown item 'patchouli:guide_book'
	at net.minecraftforge.common.crafting.CraftingHelper.getItemStack(CraftingHelper.java:214) ~[CraftingHelper.class:?]
	at net.minecraftforge.common.crafting.CraftingHelper.lambda$init$15(CraftingHelper.java:538) ~[CraftingHelper.class:?]
	at net.minecraftforge.common.crafting.CraftingHelper.getRecipe(CraftingHelper.java:416) ~[CraftingHelper.class:?]
	at net.minecraftforge.common.crafting.CraftingHelper.lambda$loadRecipes$22(CraftingHelper.java:723) ~[CraftingHelper.class:?]
	at net.minecraftforge.common.crafting.CraftingHelper.findFiles(CraftingHelper.java:833) ~[CraftingHelper.class:?]
	at net.minecraftforge.common.crafting.CraftingHelper.loadRecipes(CraftingHelper.java:688) ~[CraftingHelper.class:?]
	at java.util.ArrayList.forEach(Unknown Source) [?:1.8.0_471]
	at net.minecraftforge.common.crafting.CraftingHelper.loadRecipes(CraftingHelper.java:633) [CraftingHelper.class:?]
	at net.minecraftforge.fml.common.Loader.initializeMods(Loader.java:747) [Loader.class:?]
	at net.minecraftforge.fml.client.FMLClientHandler.finishMinecraftLoading(FMLClientHandler.java:336) [FMLClientHandler.class:?]
	at net.minecraft.client.Minecraft.func_71384_a(Minecraft.java:535) [bib.class:?]
	at net.minecraft.client.Minecraft.func_99999_d(Minecraft.java:378) [bib.class:?]
	at net.minecraft.client.main.Main.main(SourceFile:123) [Main.class:?]
	at sun.reflect.NativeMethodAccessorImpl.invoke0(Native Method) ~[?:1.8.0_471]
	at sun.reflect.NativeMethodAccessorImpl.invoke(Unknown Source) ~[?:1.8.0_471]
	at sun.reflect.DelegatingMethodAccessorImpl.invoke(Unknown Source) ~[?:1.8.0_471]
	at java.lang.reflect.Method.invoke(Unknown Source) ~[?:1.8.0_471]
	at net.minecraft.launchwrapper.Launch.launch(Launch.java:135) [launchwrapper-1.12.jar:?]
	at net.minecraft.launchwrapper.Launch.main(Launch.java:28) [launchwrapper-1.12.jar:?]
	at sun.reflect.NativeMethodAccessorImpl.invoke0(Native Method) ~[?:1.8.0_471]
	at sun.reflect.NativeMethodAccessorImpl.invoke(Unknown Source) ~[?:1.8.0_471]
	at sun.reflect.DelegatingMethodAccessorImpl.invoke(Unknown Source) ~[?:1.8.0_471]
	at java.lang.reflect.Method.invoke(Unknown Source) ~[?:1.8.0_471]
	at org.multimc.onesix.OneSixLauncher.launchWithMainClass(OneSixLauncher.java:243) [NewLaunch.jar:?]
	at org.multimc.onesix.OneSixLauncher.launch(OneSixLauncher.java:278) [NewLaunch.jar:?]
	at org.multimc.EntryPoint.listen(EntryPoint.java:143) [NewLaunch.jar:?]
	at org.multimc.EntryPoint.main(EntryPoint.java:34) [NewLaunch.jar:?]
[19:56:56] [Client thread/ERROR] [FML]: Parsing error loading recipe techguns:techguns_manual_alt
com.google.gson.JsonSyntaxException: Unknown item 'patchouli:guide_book'
	at net.minecraftforge.common.crafting.CraftingHelper.getItemStack(CraftingHelper.java:214) ~[CraftingHelper.class:?]
	at net.minecraftforge.common.crafting.CraftingHelper.lambda$init$15(CraftingHelper.java:538) ~[CraftingHelper.class:?]
	at net.minecraftforge.common.crafting.CraftingHelper.getRecipe(CraftingHelper.java:416) ~[CraftingHelper.class:?]
	at net.minecraftforge.common.crafting.CraftingHelper.lambda$loadRecipes$22(CraftingHelper.java:723) ~[CraftingHelper.class:?]
	at net.minecraftforge.common.crafting.CraftingHelper.findFiles(CraftingHelper.java:833) ~[CraftingHelper.class:?]
	at net.minecraftforge.common.crafting.CraftingHelper.loadRecipes(CraftingHelper.java:688) ~[CraftingHelper.class:?]
	at java.util.ArrayList.forEach(Unknown Source) [?:1.8.0_471]
	at net.minecraftforge.common.crafting.CraftingHelper.loadRecipes(CraftingHelper.java:633) [CraftingHelper.class:?]
	at net.minecraftforge.fml.common.Loader.initializeMods(Loader.java:747) [Loader.class:?]
	at net.minecraftforge.fml.client.FMLClientHandler.finishMinecraftLoading(FMLClientHandler.java:336) [FMLClientHandler.class:?]
	at net.minecraft.client.Minecraft.func_71384_a(Minecraft.java:535) [bib.class:?]
	at net.minecraft.client.Minecraft.func_99999_d(Minecraft.java:378) [bib.class:?]
	at net.minecraft.client.main.Main.main(SourceFile:123) [Main.class:?]
	at sun.reflect.NativeMethodAccessorImpl.invoke0(Native Method) ~[?:1.8.0_471]
	at sun.reflect.NativeMethodAccessorImpl.invoke(Unknown Source) ~[?:1.8.0_471]
	at sun.reflect.DelegatingMethodAccessorImpl.invoke(Unknown Source) ~[?:1.8.0_471]
	at java.lang.reflect.Method.invoke(Unknown Source) ~[?:1.8.0_471]
	at net.minecraft.launchwrapper.Launch.launch(Launch.java:135) [launchwrapper-1.12.jar:?]
	at net.minecraft.launchwrapper.Launch.main(Launch.java:28) [launchwrapper-1.12.jar:?]
	at sun.reflect.NativeMethodAccessorImpl.invoke0(Native Method) ~[?:1.8.0_471]
	at sun.reflect.NativeMethodAccessorImpl.invoke(Unknown Source) ~[?:1.8.0_471]
	at sun.reflect.DelegatingMethodAccessorImpl.invoke(Unknown Source) ~[?:1.8.0_471]
	at java.lang.reflect.Method.invoke(Unknown Source) ~[?:1.8.0_471]
	at org.multimc.onesix.OneSixLauncher.launchWithMainClass(OneSixLauncher.java:243) [NewLaunch.jar:?]
	at org.multimc.onesix.OneSixLauncher.launch(OneSixLauncher.java:278) [NewLaunch.jar:?]
	at org.multimc.EntryPoint.listen(EntryPoint.java:143) [NewLaunch.jar:?]
	at org.multimc.EntryPoint.main(EntryPoint.java:34) [NewLaunch.jar:?]
[19:56:56] [Client thread/ERROR] [FML]: Parsing error loading recipe techguns:techguns_manual
com.google.gson.JsonSyntaxException: Unknown item 'patchouli:guide_book'
	at net.minecraftforge.common.crafting.CraftingHelper.getItemStack(CraftingHelper.java:214) ~[CraftingHelper.class:?]
	at net.minecraftforge.common.crafting.CraftingHelper.lambda$init$15(CraftingHelper.java:538) ~[CraftingHelper.class:?]
	at net.minecraftforge.common.crafting.CraftingHelper.getRecipe(CraftingHelper.java:416) ~[CraftingHelper.class:?]
	at net.minecraftforge.common.crafting.CraftingHelper.lambda$loadRecipes$22(CraftingHelper.java:723) ~[CraftingHelper.class:?]
	at net.minecraftforge.common.crafting.CraftingHelper.findFiles(CraftingHelper.java:833) ~[CraftingHelper.class:?]
	at net.minecraftforge.common.crafting.CraftingHelper.loadRecipes(CraftingHelper.java:688) ~[CraftingHelper.class:?]
	at java.util.ArrayList.forEach(Unknown Source) [?:1.8.0_471]
	at net.minecraftforge.common.crafting.CraftingHelper.loadRecipes(CraftingHelper.java:633) [CraftingHelper.class:?]
	at net.minecraftforge.fml.common.Loader.initializeMods(Loader.java:747) [Loader.class:?]
	at net.minecraftforge.fml.client.FMLClientHandler.finishMinecraftLoading(FMLClientHandler.java:336) [FMLClientHandler.class:?]
	at net.minecraft.client.Minecraft.func_71384_a(Minecraft.java:535) [bib.class:?]
	at net.minecraft.client.Minecraft.func_99999_d(Minecraft.java:378) [bib.class:?]
	at net.minecraft.client.main.Main.main(SourceFile:123) [Main.class:?]
	at sun.reflect.NativeMethodAccessorImpl.invoke0(Native Method) ~[?:1.8.0_471]
	at sun.reflect.NativeMethodAccessorImpl.invoke(Unknown Source) ~[?:1.8.0_471]
	at sun.reflect.DelegatingMethodAccessorImpl.invoke(Unknown Source) ~[?:1.8.0_471]
	at java.lang.reflect.Method.invoke(Unknown Source) ~[?:1.8.0_471]
	at net.minecraft.launchwrapper.Launch.launch(Launch.java:135) [launchwrapper-1.12.jar:?]
	at net.minecraft.launchwrapper.Launch.main(Launch.java:28) [launchwrapper-1.12.jar:?]
	at sun.reflect.NativeMethodAccessorImpl.invoke0(Native Method) ~[?:1.8.0_471]
	at sun.reflect.NativeMethodAccessorImpl.invoke(Unknown Source) ~[?:1.8.0_471]
	at sun.reflect.DelegatingMethodAccessorImpl.invoke(Unknown Source) ~[?:1.8.0_471]
	at java.lang.reflect.Method.invoke(Unknown Source) ~[?:1.8.0_471]
	at org.multimc.onesix.OneSixLauncher.launchWithMainClass(OneSixLauncher.java:243) [NewLaunch.jar:?]
	at org.multimc.onesix.OneSixLauncher.launch(OneSixLauncher.java:278) [NewLaunch.jar:?]
	at org.multimc.EntryPoint.listen(EntryPoint.java:143) [NewLaunch.jar:?]
	at org.multimc.EntryPoint.main(EntryPoint.java:34) [NewLaunch.jar:?]
[19:56:56] [Client thread/ERROR] [FML]: Parsing error loading recipe techguns:shishkebap_alt
com.google.gson.JsonSyntaxException: Unknown item 'techguns:shishkebap'
	at net.minecraftforge.common.crafting.CraftingHelper.getItemStack(CraftingHelper.java:214) ~[CraftingHelper.class:?]
	at net.minecraftforge.oredict.ShapedOreRecipe.factory(ShapedOreRecipe.java:254) ~[ShapedOreRecipe.class:?]
	at net.minecraftforge.common.crafting.CraftingHelper.getRecipe(CraftingHelper.java:416) ~[CraftingHelper.class:?]
	at net.minecraftforge.common.crafting.CraftingHelper.lambda$loadRecipes$22(CraftingHelper.java:723) ~[CraftingHelper.class:?]
	at net.minecraftforge.common.crafting.CraftingHelper.findFiles(CraftingHelper.java:833) ~[CraftingHelper.class:?]
	at net.minecraftforge.common.crafting.CraftingHelper.loadRecipes(CraftingHelper.java:688) ~[CraftingHelper.class:?]
	at java.util.ArrayList.forEach(Unknown Source) [?:1.8.0_471]
	at net.minecraftforge.common.crafting.CraftingHelper.loadRecipes(CraftingHelper.java:633) [CraftingHelper.class:?]
	at net.minecraftforge.fml.common.Loader.initializeMods(Loader.java:747) [Loader.class:?]
	at net.minecraftforge.fml.client.FMLClientHandler.finishMinecraftLoading(FMLClientHandler.java:336) [FMLClientHandler.class:?]
	at net.minecraft.client.Minecraft.func_71384_a(Minecraft.java:535) [bib.class:?]
	at net.minecraft.client.Minecraft.func_99999_d(Minecraft.java:378) [bib.class:?]
	at net.minecraft.client.main.Main.main(SourceFile:123) [Main.class:?]
	at sun.reflect.NativeMethodAccessorImpl.invoke0(Native Method) ~[?:1.8.0_471]
	at sun.reflect.NativeMethodAccessorImpl.invoke(Unknown Source) ~[?:1.8.0_471]
	at sun.reflect.DelegatingMethodAccessorImpl.invoke(Unknown Source) ~[?:1.8.0_471]
	at java.lang.reflect.Method.invoke(Unknown Source) ~[?:1.8.0_471]
	at net.minecraft.launchwrapper.Launch.launch(Launch.java:135) [launchwrapper-1.12.jar:?]
	at net.minecraft.launchwrapper.Launch.main(Launch.java:28) [launchwrapper-1.12.jar:?]
	at sun.reflect.NativeMethodAccessorImpl.invoke0(Native Method) ~[?:1.8.0_471]
	at sun.reflect.NativeMethodAccessorImpl.invoke(Unknown Source) ~[?:1.8.0_471]
	at sun.reflect.DelegatingMethodAccessorImpl.invoke(Unknown Source) ~[?:1.8.0_471]
	at java.lang.reflect.Method.invoke(Unknown Source) ~[?:1.8.0_471]
	at org.multimc.onesix.OneSixLauncher.launchWithMainClass(OneSixLauncher.java:243) [NewLaunch.jar:?]
	at org.multimc.onesix.OneSixLauncher.launch(OneSixLauncher.java:278) [NewLaunch.jar:?]
	at org.multimc.EntryPoint.listen(EntryPoint.java:143) [NewLaunch.jar:?]
	at org.multimc.EntryPoint.main(EntryPoint.java:34) [NewLaunch.jar:?]
[19:56:56] [Client thread/ERROR] [FML]: Parsing error loading recipe techguns:shishkebap
com.google.gson.JsonSyntaxException: Unknown item 'techguns:shishkebap'
	at net.minecraftforge.common.crafting.CraftingHelper.getItemStack(CraftingHelper.java:214) ~[CraftingHelper.class:?]
	at net.minecraftforge.oredict.ShapedOreRecipe.factory(ShapedOreRecipe.java:254) ~[ShapedOreRecipe.class:?]
	at net.minecraftforge.common.crafting.CraftingHelper.getRecipe(CraftingHelper.java:416) ~[CraftingHelper.class:?]
	at net.minecraftforge.common.crafting.CraftingHelper.lambda$loadRecipes$22(CraftingHelper.java:723) ~[CraftingHelper.class:?]
	at net.minecraftforge.common.crafting.CraftingHelper.findFiles(CraftingHelper.java:833) ~[CraftingHelper.class:?]
	at net.minecraftforge.common.crafting.CraftingHelper.loadRecipes(CraftingHelper.java:688) ~[CraftingHelper.class:?]
	at java.util.ArrayList.forEach(Unknown Source) [?:1.8.0_471]
	at net.minecraftforge.common.crafting.CraftingHelper.loadRecipes(CraftingHelper.java:633) [CraftingHelper.class:?]
	at net.minecraftforge.fml.common.Loader.initializeMods(Loader.java:747) [Loader.class:?]
	at net.minecraftforge.fml.client.FMLClientHandler.finishMinecraftLoading(FMLClientHandler.java:336) [FMLClientHandler.class:?]
	at net.minecraft.client.Minecraft.func_71384_a(Minecraft.java:535) [bib.class:?]
	at net.minecraft.client.Minecraft.func_99999_d(Minecraft.java:378) [bib.class:?]
	at net.minecraft.client.main.Main.main(SourceFile:123) [Main.class:?]
	at sun.reflect.NativeMethodAccessorImpl.invoke0(Native Method) ~[?:1.8.0_471]
	at sun.reflect.NativeMethodAccessorImpl.invoke(Unknown Source) ~[?:1.8.0_471]
	at sun.reflect.DelegatingMethodAccessorImpl.invoke(Unknown Source) ~[?:1.8.0_471]
	at java.lang.reflect.Method.invoke(Unknown Source) ~[?:1.8.0_471]
	at net.minecraft.launchwrapper.Launch.launch(Launch.java:135) [launchwrapper-1.12.jar:?]
	at net.minecraft.launchwrapper.Launch.main(Launch.java:28) [launchwrapper-1.12.jar:?]
	at sun.reflect.NativeMethodAccessorImpl.invoke0(Native Method) ~[?:1.8.0_471]
	at sun.reflect.NativeMethodAccessorImpl.invoke(Unknown Source) ~[?:1.8.0_471]
	at sun.reflect.DelegatingMethodAccessorImpl.invoke(Unknown Source) ~[?:1.8.0_471]
	at java.lang.reflect.Method.invoke(Unknown Source) ~[?:1.8.0_471]
	at org.multimc.onesix.OneSixLauncher.launchWithMainClass(OneSixLauncher.java:243) [NewLaunch.jar:?]
	at org.multimc.onesix.OneSixLauncher.launch(OneSixLauncher.java:278) [NewLaunch.jar:?]
	at org.multimc.EntryPoint.listen(EntryPoint.java:143) [NewLaunch.jar:?]
	at org.multimc.EntryPoint.main(EntryPoint.java:34) [NewLaunch.jar:?]
[19:56:56] [Client thread/WARN] [com.mjr.mjrlegendslib.util.MessageUtilities]: extraplanets: An error occurred when setting up MorePlanets Compatibility, this is most likey intended!
[19:56:56] [Client thread/INFO] [FML]: Applying holder lookups
[19:56:56] [Client thread/INFO] [FML]: Holder lookups applied
[19:56:57] [Client thread/INFO] [adminshop]: DIRT BLOCK >> minecraft:dirt
[19:56:57] [Client thread/WARN] [FML]: Potentially Dangerous alternative prefix `computercraft ` for name ` computer`, expected `computercraft`. This could be a intended override, but in most cases indicates a broken mod.
[19:56:57] [Client thread/WARN] [FML]: Potentially Dangerous alternative prefix `computercraft ` for name ` diskdrive`, expected `computercraft`. This could be a intended override, but in most cases indicates a broken mod.
[19:56:57] [Client thread/WARN] [FML]: Potentially Dangerous alternative prefix `computercraft ` for name ` wirelessmodem`, expected `computercraft`. This could be a intended override, but in most cases indicates a broken mod.
[19:56:57] [Client thread/WARN] [FML]: Potentially Dangerous alternative prefix `computercraft ` for name ` monitor`, expected `computercraft`. This could be a intended override, but in most cases indicates a broken mod.
[19:56:57] [Client thread/WARN] [FML]: Potentially Dangerous alternative prefix `computercraft ` for name ` ccprinter`, expected `computercraft`. This could be a intended override, but in most cases indicates a broken mod.
[19:56:57] [Client thread/WARN] [FML]: Potentially Dangerous alternative prefix `computercraft ` for name ` wiredmodem`, expected `computercraft`. This could be a intended override, but in most cases indicates a broken mod.
[19:56:57] [Client thread/WARN] [FML]: Potentially Dangerous alternative prefix `computercraft ` for name ` command_computer`, expected `computercraft`. This could be a intended override, but in most cases indicates a broken mod.
[19:56:57] [Client thread/WARN] [FML]: Potentially Dangerous alternative prefix `computercraft ` for name ` advanced_modem`, expected `computercraft`. This could be a intended override, but in most cases indicates a broken mod.
[19:56:57] [Client thread/WARN] [FML]: Potentially Dangerous alternative prefix `computercraft ` for name ` speaker`, expected `computercraft`. This could be a intended override, but in most cases indicates a broken mod.
[19:56:57] [Client thread/WARN] [FML]: Potentially Dangerous alternative prefix `computercraft ` for name ` turtle`, expected `computercraft`. This could be a intended override, but in most cases indicates a broken mod.
[19:56:57] [Client thread/WARN] [FML]: Potentially Dangerous alternative prefix `computercraft ` for name ` turtleex`, expected `computercraft`. This could be a intended override, but in most cases indicates a broken mod.
[19:56:57] [Client thread/WARN] [FML]: Potentially Dangerous alternative prefix `computercraft ` for name ` turtleadv`, expected `computercraft`. This could be a intended override, but in most cases indicates a broken mod.
[19:56:58] [Client thread/WARN] [FML]: Potentially Dangerous alternative prefix `minecraft` for name `gc treasure chest`, expected `galacticraftcore`. This could be a intended override, but in most cases indicates a broken mod.
[19:56:58] [Client thread/WARN] [FML]: Potentially Dangerous alternative prefix `minecraft` for name `gc air distributor`, expected `galacticraftcore`. This could be a intended override, but in most cases indicates a broken mod.
[19:56:58] [Client thread/WARN] [FML]: Potentially Dangerous alternative prefix `minecraft` for name `gc air collector`, expected `galacticraftcore`. This could be a intended override, but in most cases indicates a broken mod.
[19:56:58] [Client thread/WARN] [FML]: Potentially Dangerous alternative prefix `minecraft` for name `gc oxygen pipe`, expected `galacticraftcore`. This could be a intended override, but in most cases indicates a broken mod.
[19:56:58] [Client thread/WARN] [FML]: Potentially Dangerous alternative prefix `minecraft` for name `gc air lock frame`, expected `galacticraftcore`. This could be a intended override, but in most cases indicates a broken mod.
[19:56:58] [Client thread/WARN] [FML]: Potentially Dangerous alternative prefix `minecraft` for name `gc refinery`, expected `galacticraftcore`. This could be a intended override, but in most cases indicates a broken mod.
[19:56:58] [Client thread/WARN] [FML]: Potentially Dangerous alternative prefix `minecraft` for name `gc nasa workbench`, expected `galacticraftcore`. This could be a intended override, but in most cases indicates a broken mod.
[19:56:58] [Client thread/WARN] [FML]: Potentially Dangerous alternative prefix `minecraft` for name `gc deconstructor`, expected `galacticraftcore`. This could be a intended override, but in most cases indicates a broken mod.
[19:56:58] [Client thread/WARN] [FML]: Potentially Dangerous alternative prefix `minecraft` for name `gc air compressor`, expected `galacticraftcore`. This could be a intended override, but in most cases indicates a broken mod.
[19:56:58] [Client thread/WARN] [FML]: Potentially Dangerous alternative prefix `minecraft` for name `gc fuel loader`, expected `galacticraftcore`. This could be a intended override, but in most cases indicates a broken mod.
[19:56:58] [Client thread/WARN] [FML]: Potentially Dangerous alternative prefix `minecraft` for name `gc landing pad`, expected `galacticraftcore`. This could be a intended override, but in most cases indicates a broken mod.
[19:56:58] [Client thread/WARN] [FML]: Potentially Dangerous alternative prefix `minecraft` for name `gc landing pad full`, expected `galacticraftcore`. This could be a intended override, but in most cases indicates a broken mod.
[19:56:58] [Client thread/WARN] [FML]: Potentially Dangerous alternative prefix `minecraft` for name `gc space station`, expected `galacticraftcore`. This could be a intended override, but in most cases indicates a broken mod.
[19:56:58] [Client thread/WARN] [FML]: Potentially Dangerous alternative prefix `minecraft` for name `gc dummy block`, expected `galacticraftcore`. This could be a intended override, but in most cases indicates a broken mod.
[19:56:58] [Client thread/WARN] [FML]: Potentially Dangerous alternative prefix `minecraft` for name `gc air sealer`, expected `galacticraftcore`. This could be a intended override, but in most cases indicates a broken mod.
[19:56:58] [Client thread/WARN] [FML]: Potentially Dangerous alternative prefix `minecraft` for name `gc dungeon boss spawner`, expected `galacticraftcore`. This could be a intended override, but in most cases indicates a broken mod.
[19:56:58] [Client thread/WARN] [FML]: Potentially Dangerous alternative prefix `minecraft` for name `gc oxygen detector`, expected `galacticraftcore`. This could be a intended override, but in most cases indicates a broken mod.
[19:56:58] [Client thread/WARN] [FML]: Potentially Dangerous alternative prefix `minecraft` for name `gc buggy fueler`, expected `galacticraftcore`. This could be a intended override, but in most cases indicates a broken mod.
[19:56:58] [Client thread/WARN] [FML]: Potentially Dangerous alternative prefix `minecraft` for name `gc buggy fueler single`, expected `galacticraftcore`. This could be a intended override, but in most cases indicates a broken mod.
[19:56:58] [Client thread/WARN] [FML]: Potentially Dangerous alternative prefix `minecraft` for name `gc cargo loader`, expected `galacticraftcore`. This could be a intended override, but in most cases indicates a broken mod.
[19:56:58] [Client thread/WARN] [FML]: Potentially Dangerous alternative prefix `minecraft` for name `gc cargo unloader`, expected `galacticraftcore`. This could be a intended override, but in most cases indicates a broken mod.
[19:56:58] [Client thread/WARN] [FML]: Potentially Dangerous alternative prefix `minecraft` for name `gc parachest tile`, expected `galacticraftcore`. This could be a intended override, but in most cases indicates a broken mod.
[19:56:58] [Client thread/WARN] [FML]: Potentially Dangerous alternative prefix `minecraft` for name `gc solar panel`, expected `galacticraftcore`. This could be a intended override, but in most cases indicates a broken mod.
[19:56:58] [Client thread/WARN] [FML]: Potentially Dangerous alternative prefix `minecraft` for name `gc radio telescope`, expected `galacticraftcore`. This could be a intended override, but in most cases indicates a broken mod.
[19:56:58] [Client thread/WARN] [FML]: Potentially Dangerous alternative prefix `minecraft` for name `gc magnetic crafting table`, expected `galacticraftcore`. This could be a intended override, but in most cases indicates a broken mod.
[19:56:58] [Client thread/WARN] [FML]: Potentially Dangerous alternative prefix `minecraft` for name `gc energy storage module`, expected `galacticraftcore`. This could be a intended override, but in most cases indicates a broken mod.
[19:56:58] [Client thread/WARN] [FML]: Potentially Dangerous alternative prefix `minecraft` for name `gc coal generator`, expected `galacticraftcore`. This could be a intended override, but in most cases indicates a broken mod.
[19:56:58] [Client thread/WARN] [FML]: Potentially Dangerous alternative prefix `minecraft` for name `gc electric furnace`, expected `galacticraftcore`. This could be a intended override, but in most cases indicates a broken mod.
[19:56:58] [Client thread/WARN] [FML]: Potentially Dangerous alternative prefix `minecraft` for name `gc aluminum wire`, expected `galacticraftcore`. This could be a intended override, but in most cases indicates a broken mod.
[19:56:58] [Client thread/WARN] [FML]: Potentially Dangerous alternative prefix `minecraft` for name `gc switchable aluminum wire`, expected `galacticraftcore`. This could be a intended override, but in most cases indicates a broken mod.
[19:56:58] [Client thread/WARN] [FML]: Potentially Dangerous alternative prefix `minecraft` for name `gc fallen meteor`, expected `galacticraftcore`. This could be a intended override, but in most cases indicates a broken mod.
[19:56:58] [Client thread/WARN] [FML]: Potentially Dangerous alternative prefix `minecraft` for name `gc ingot compressor`, expected `galacticraftcore`. This could be a intended override, but in most cases indicates a broken mod.
[19:56:58] [Client thread/WARN] [FML]: Potentially Dangerous alternative prefix `minecraft` for name `gc electric ingot compressor`, expected `galacticraftcore`. This could be a intended override, but in most cases indicates a broken mod.
[19:56:58] [Client thread/WARN] [FML]: Potentially Dangerous alternative prefix `minecraft` for name `gc circuit fabricator`, expected `galacticraftcore`. This could be a intended override, but in most cases indicates a broken mod.
[19:56:58] [Client thread/WARN] [FML]: Potentially Dangerous alternative prefix `minecraft` for name `gc air lock controller`, expected `galacticraftcore`. This could be a intended override, but in most cases indicates a broken mod.
[19:56:58] [Client thread/WARN] [FML]: Potentially Dangerous alternative prefix `minecraft` for name `gc oxygen storage module`, expected `galacticraftcore`. This could be a intended override, but in most cases indicates a broken mod.
[19:56:58] [Client thread/WARN] [FML]: Potentially Dangerous alternative prefix `minecraft` for name `gc oxygen decompressor`, expected `galacticraftcore`. This could be a intended override, but in most cases indicates a broken mod.
[19:56:58] [Client thread/WARN] [FML]: Potentially Dangerous alternative prefix `minecraft` for name `gc space station thruster`, expected `galacticraftcore`. This could be a intended override, but in most cases indicates a broken mod.
[19:56:58] [Client thread/WARN] [FML]: Potentially Dangerous alternative prefix `minecraft` for name `gc arc lamp`, expected `galacticraftcore`. This could be a intended override, but in most cases indicates a broken mod.
[19:56:58] [Client thread/WARN] [FML]: Potentially Dangerous alternative prefix `minecraft` for name `gc view screen`, expected `galacticraftcore`. This could be a intended override, but in most cases indicates a broken mod.
[19:56:58] [Client thread/WARN] [FML]: Potentially Dangerous alternative prefix `minecraft` for name `gc panel lighting`, expected `galacticraftcore`. This could be a intended override, but in most cases indicates a broken mod.
[19:56:58] [Client thread/WARN] [FML]: Potentially Dangerous alternative prefix `minecraft` for name `gc telemetry unit`, expected `galacticraftcore`. This could be a intended override, but in most cases indicates a broken mod.
[19:56:58] [Client thread/WARN] [FML]: Potentially Dangerous alternative prefix `minecraft` for name `gc painter`, expected `galacticraftcore`. This could be a intended override, but in most cases indicates a broken mod.
[19:56:58] [Client thread/WARN] [FML]: Potentially Dangerous alternative prefix `minecraft` for name `gc fluid tank`, expected `galacticraftcore`. This could be a intended override, but in most cases indicates a broken mod.
[19:56:58] [Client thread/WARN] [FML]: Potentially Dangerous alternative prefix `minecraft` for name `gc player detector`, expected `galacticraftcore`. This could be a intended override, but in most cases indicates a broken mod.
[19:56:58] [Client thread/WARN] [FML]: Potentially Dangerous alternative prefix `minecraft` for name `gc platform`, expected `galacticraftcore`. This could be a intended override, but in most cases indicates a broken mod.
[19:56:58] [Client thread/WARN] [FML]: Potentially Dangerous alternative prefix `minecraft` for name `gc emergency post`, expected `galacticraftcore`. This could be a intended override, but in most cases indicates a broken mod.
[19:56:58] [Client thread/WARN] [FML]: Potentially Dangerous alternative prefix `minecraft` for name `gc null tile`, expected `galacticraftcore`. This could be a intended override, but in most cases indicates a broken mod.
[19:56:58] [Client thread/WARN] [FML]: Potentially Dangerous alternative prefix `minecraft` for name `gc sealed ic2 cable`, expected `galacticraftcore`. This could be a intended override, but in most cases indicates a broken mod.
[19:56:58] [Client thread/WARN] [FML]: Potentially Dangerous alternative prefix `minecraft` for name `gc slimeling egg`, expected `galacticraftplanets`. This could be a intended override, but in most cases indicates a broken mod.
[19:56:58] [Client thread/WARN] [FML]: Potentially Dangerous alternative prefix `minecraft` for name `gc tier 2 treasure chest`, expected `galacticraftplanets`. This could be a intended override, but in most cases indicates a broken mod.
[19:56:58] [Client thread/WARN] [FML]: Potentially Dangerous alternative prefix `minecraft` for name `gc planet terraformer`, expected `galacticraftplanets`. This could be a intended override, but in most cases indicates a broken mod.
[19:56:58] [Client thread/WARN] [FML]: Potentially Dangerous alternative prefix `minecraft` for name `gc cryogenic chamber`, expected `galacticraftplanets`. This could be a intended override, but in most cases indicates a broken mod.
[19:56:58] [Client thread/WARN] [FML]: Potentially Dangerous alternative prefix `minecraft` for name `gc gas liquefier`, expected `galacticraftplanets`. This could be a intended override, but in most cases indicates a broken mod.
[19:56:58] [Client thread/WARN] [FML]: Potentially Dangerous alternative prefix `minecraft` for name `gc methane synthesizer`, expected `galacticraftplanets`. This could be a intended override, but in most cases indicates a broken mod.
[19:56:58] [Client thread/WARN] [FML]: Potentially Dangerous alternative prefix `minecraft` for name `gc water electrolyzer`, expected `galacticraftplanets`. This could be a intended override, but in most cases indicates a broken mod.
[19:56:58] [Client thread/WARN] [FML]: Potentially Dangerous alternative prefix `minecraft` for name `gc mars dungeon spawner`, expected `galacticraftplanets`. This could be a intended override, but in most cases indicates a broken mod.
[19:56:58] [Client thread/WARN] [FML]: Potentially Dangerous alternative prefix `minecraft` for name `gc launch controller`, expected `galacticraftplanets`. This could be a intended override, but in most cases indicates a broken mod.
[19:56:58] [Client thread/WARN] [FML]: Potentially Dangerous alternative prefix `minecraft` for name `gc beam reflector`, expected `galacticraftplanets`. This could be a intended override, but in most cases indicates a broken mod.
[19:56:58] [Client thread/WARN] [FML]: Potentially Dangerous alternative prefix `minecraft` for name `gc beam receiver`, expected `galacticraftplanets`. This could be a intended override, but in most cases indicates a broken mod.
[19:56:58] [Client thread/WARN] [FML]: Potentially Dangerous alternative prefix `minecraft` for name `gc short range telepad`, expected `galacticraftplanets`. This could be a intended override, but in most cases indicates a broken mod.
[19:56:58] [Client thread/WARN] [FML]: Potentially Dangerous alternative prefix `minecraft` for name `gc fake short range telepad`, expected `galacticraftplanets`. This could be a intended override, but in most cases indicates a broken mod.
[19:56:58] [Client thread/WARN] [FML]: Potentially Dangerous alternative prefix `minecraft` for name `gc astro miner base builder`, expected `galacticraftplanets`. This could be a intended override, but in most cases indicates a broken mod.
[19:56:58] [Client thread/WARN] [FML]: Potentially Dangerous alternative prefix `minecraft` for name `gc astro miner base`, expected `galacticraftplanets`. This could be a intended override, but in most cases indicates a broken mod.
[19:56:58] [Client thread/WARN] [FML]: Potentially Dangerous alternative prefix `minecraft` for name `gc venus spout`, expected `galacticraftplanets`. This could be a intended override, but in most cases indicates a broken mod.
[19:56:58] [Client thread/WARN] [FML]: Potentially Dangerous alternative prefix `minecraft` for name `gc venus dungeon spawner`, expected `galacticraftplanets`. This could be a intended override, but in most cases indicates a broken mod.
[19:56:58] [Client thread/WARN] [FML]: Potentially Dangerous alternative prefix `minecraft` for name `gc tier 3 treasure chest`, expected `galacticraftplanets`. This could be a intended override, but in most cases indicates a broken mod.
[19:56:58] [Client thread/WARN] [FML]: Potentially Dangerous alternative prefix `minecraft` for name `gc geothermal generator`, expected `galacticraftplanets`. This could be a intended override, but in most cases indicates a broken mod.
[19:56:58] [Client thread/WARN] [FML]: Potentially Dangerous alternative prefix `minecraft` for name `gc crashed probe`, expected `galacticraftplanets`. This could be a intended override, but in most cases indicates a broken mod.
[19:56:58] [Client thread/WARN] [FML]: Potentially Dangerous alternative prefix `minecraft` for name `gc solar array module`, expected `galacticraftplanets`. This could be a intended override, but in most cases indicates a broken mod.
[19:56:58] [Client thread/WARN] [FML]: Potentially Dangerous alternative prefix `minecraft` for name `gc solar array controller`, expected `galacticraftplanets`. This could be a intended override, but in most cases indicates a broken mod.
[19:56:58] [Client thread/WARN] [FML]: Potentially Dangerous alternative prefix `minecraft` for name `gc laser turret`, expected `galacticraftplanets`. This could be a intended override, but in most cases indicates a broken mod.
[19:56:58] [Client thread/WARN] [ic2additions]: [ic2a] Line 7: outputs[0] item not found in registry: ic2additions:tritium_cell
[19:56:58] [Client thread/WARN] [ic2additions]: [ic2a] Skipping Advanced Assembler recipe line 7 (bad outputs): ic2additions:tritium_rod + ic2:fluid_cell ; NONE ; 1000 ; ic2additions:tritium_cell + ic2:crafting:fuel_rod
[19:56:58] [Client thread/INFO] [ic2additions]: [ic2a] Loaded 13 Advanced Assembler recipe(s) from config.
[19:56:58] [Client thread/INFO] [ic2additions]: [ic2a] Loaded 9 Molecular Assembler recipe(s) from config.
[19:56:58] [Client thread/INFO] [ic2additions]: [ic2a] Loaded 8 Breeder Reactor recipe(s) from config.
[19:56:58] [Client thread/INFO] [ic2additions]: [ic2a] Loaded 5 Chemistry Station recipe(s) from config.
[19:56:58] [Client thread/INFO] [jei]: Created: 128x256 textures-atlas
[19:56:58] [Client thread/INFO] [FML]: Injecting itemstacks
[19:56:58] [Client thread/INFO] [FML]: Itemstack injection complete
[19:56:58] [Client thread/WARN] [FML]: =============================================================
[19:56:58] [Client thread/WARN] [FML]: MOD HAS DIRECT REFERENCE System.exit() THIS IS NOT ALLOWED REROUTING TO FML!
[19:56:58] [Client thread/WARN] [FML]: Offender: com/vnator/adminshop/blocks/shop/ShopLoader.loadShop(Lnet/minecraft/command/ICommandSender;Ljava/io/Reader;)V
[19:56:58] [Client thread/WARN] [FML]: Use FMLCommonHandler.exitJava instead
[19:56:58] [Client thread/WARN] [FML]: =============================================================
[19:56:58] [Client thread/WARN] [FML]: =============================================================
[19:56:58] [Client thread/WARN] [FML]: MOD HAS DIRECT REFERENCE System.exit() THIS IS NOT ALLOWED REROUTING TO FML!
[19:56:58] [Client thread/WARN] [FML]: Offender: com/vnator/adminshop/blocks/shop/ShopLoader.copyDefault()V
[19:56:58] [Client thread/WARN] [FML]: Use FMLCommonHandler.exitJava instead
[19:56:58] [Client thread/WARN] [FML]: =============================================================
[19:56:58] [Client thread/INFO] [adminshop]: Loading shop!
[19:56:58] [Client thread/INFO] [STDOUT]: [com.vnator.adminshop.blocks.shop.ShopStock:setShopStock:64]: Category:
[19:56:58] [Client thread/INFO] [STDOUT]: [com.vnator.adminshop.blocks.shop.ShopStock:setShopStock:66]: 	minecraft:iron_ore:0
[19:56:58] [Client thread/INFO] [STDOUT]: [com.vnator.adminshop.blocks.shop.ShopStock:setShopStock:66]: 	minecraft:gold_ore:0
[19:56:58] [Client thread/INFO] [STDOUT]: [com.vnator.adminshop.blocks.shop.ShopStock:setShopStock:66]: 	minecraft:coal_ore:0
[19:56:58] [Client thread/INFO] [STDOUT]: [com.vnator.adminshop.blocks.shop.ShopStock:setShopStock:66]: 	minecraft:redstone_ore:0
[19:56:58] [Client thread/INFO] [STDOUT]: [com.vnator.adminshop.blocks.shop.ShopStock:setShopStock:66]: 	minecraft:lapis_ore:0
[19:56:58] [Client thread/INFO] [STDOUT]: [com.vnator.adminshop.blocks.shop.ShopStock:setShopStock:66]: 	minecraft:quartz_ore:0
[19:56:58] [Client thread/INFO] [STDOUT]: [com.vnator.adminshop.blocks.shop.ShopStock:setShopStock:66]: 	minecraft:diamond_ore:0
[19:56:58] [Client thread/INFO] [STDOUT]: [com.vnator.adminshop.blocks.shop.ShopStock:setShopStock:66]: 	minecraft:emerald_ore:0
[19:56:58] [Client thread/INFO] [STDOUT]: [com.vnator.adminshop.blocks.shop.ShopStock:setShopStock:64]: Category:
[19:56:58] [Client thread/INFO] [STDOUT]: [com.vnator.adminshop.blocks.shop.ShopStock:setShopStock:66]: 	minecraft:enchanted_book:0 {StoredEnchantments:[{lvl:5,id:32}]}
[19:56:58] [Client thread/INFO] [STDOUT]: [com.vnator.adminshop.blocks.shop.ShopStock:setShopStock:66]: 	minecraft:enchanted_book:0 {StoredEnchantments:[{lvl:3,id:34}]}
[19:56:58] [Client thread/INFO] [STDOUT]: [com.vnator.adminshop.blocks.shop.ShopStock:setShopStock:66]: 	minecraft:enchanted_book:0 {StoredEnchantments:[{lvl:1,id:33}]}
[19:56:58] [Client thread/INFO] [STDOUT]: [com.vnator.adminshop.blocks.shop.ShopStock:setShopStock:66]: 	minecraft:enchanted_book:0 {StoredEnchantments:[{lvl:3,id:35}]}
[19:56:58] [Client thread/INFO] [STDOUT]: [com.vnator.adminshop.blocks.shop.ShopStock:setShopStock:66]: 	minecraft:enchanted_book:0 {StoredEnchantments:[{lvl:1,id:70}]}
[19:56:58] [Client thread/INFO] [STDOUT]: [com.vnator.adminshop.blocks.shop.ShopStock:setShopStock:66]: 	minecraft:enchanted_book:0 {StoredEnchantments:[{lvl:4,id:0}]}
[19:56:58] [Client thread/INFO] [STDOUT]: [com.vnator.adminshop.blocks.shop.ShopStock:setShopStock:66]: 	minecraft:enchanted_book:0 {StoredEnchantments:[{lvl:5,id:16}]}
[19:56:58] [Client thread/INFO] [STDOUT]: [com.vnator.adminshop.blocks.shop.ShopStock:setShopStock:66]: 	minecraft:enchanted_book:0 {StoredEnchantments:[{lvl:5,id:48}]}
[19:56:58] [Client thread/INFO] [adminshop]: Water = lava
[19:56:58] [Client thread/INFO] [ic2.Uu]: Loading predefined UU world scan values, run /ic2 uu-world-scan <small|medium|large> to calibrate them for your world.
[19:56:58] [Client thread/INFO] [ic2.General]: ic2 version 2.8.222-ex112 loaded.
[19:56:58] [Client thread/INFO] [Galacticraft]: Galacticraft: activating IndustrialCraft2 compatibility features.
[19:56:58] [Client thread/WARN] [com.mjr.mjrlegendslib.util.MessageUtilities]: extraplanets: An error occurred when setting up ExtremeReactors Compatibility, this is most likey intended!
[19:56:58] [Client thread/WARN] [com.mjr.mjrlegendslib.util.MessageUtilities]: extraplanets: An error occurred when setting up MCMultiPart Compatibility, this is most likey intended!
[19:56:59] [Client thread/INFO] [jei]: Starting JEI...
[19:56:59] [Client thread/INFO] [jei]: Registering recipe categories...
[19:56:59] [Client thread/INFO] [jei]: Registering recipe categories took 88.02 ms
[19:56:59] [Client thread/INFO] [jei]: Registering mod plugins...
[19:56:59] [Client thread/INFO] [jei]: Registering mod plugins took 530.8 ms
[19:56:59] [Client thread/INFO] [jei]: Building recipe registry...
[19:57:00] [Client thread/INFO] [jei]: Building recipe registry took 187.3 ms
[19:57:00] [Client thread/INFO] [jei]: Building ingredient list...
[19:57:00] [Client thread/INFO] [jei]: Building ingredient list took 36.40 ms
[19:57:00] [Client thread/INFO] [jei]: Building ingredient filter...
[19:57:00] [Client thread/INFO] [jei]: Building ingredient filter took 209.9 ms
[19:57:00] [Client thread/INFO] [jei]: Building bookmarks...
[19:57:00] [Client thread/INFO] [jei]: Building bookmarks took 3.152 ms
[19:57:00] [Client thread/INFO] [jei]: Building runtime...
[19:57:00] [Client thread/INFO] [jei]: Building runtime took 72.56 ms
[19:57:00] [Client thread/INFO] [jei]: Optimizing memory usage...
[19:57:00] [Client thread/INFO] [jei]: Optimizing memory usage took 61.53 ms
[19:57:00] [Client thread/INFO] [jei]: Starting JEI took 1.382 s
[19:57:01] [Client thread/INFO] [FML]: Forge Mod Loader has successfully loaded 24 mods
[19:57:01] [Client thread/WARN] [net.minecraft.client.settings.GameSettings]: Skipping bad option: lastServer:
[19:57:01] [Client thread/INFO] [com.mojang.text2speech.NarratorWindows]: Narrator library for x64 successfully loaded
[19:57:01] [Client thread/INFO] [STDOUT]: [com.ic2additions.util.Ic2ColorFix:onClientTick:64]: [IC2Additions] Late color override installed.
[19:57:01] [Client thread/INFO] [net.optifine.Log]: [OptiFine] (Reflector) Class not present: mods.betterfoliage.client.BetterFoliageClient
[19:57:02] [Client thread/INFO] [Config]: [OptiFine] *** Reloading custom textures ***
[19:57:07] [Client thread/INFO] [net.minecraft.client.multiplayer.GuiConnecting]: Connecting to localhost, 25565
[19:57:07] [Netty Client IO #1/INFO] [FML]: Server protocol version 2
[19:57:07] [Netty Client IO #1/INFO] [FML]: Unexpected packet during modded negotiation - assuming vanilla or keepalives : net.minecraft.network.play.server.SPacketDisconnect
[19:58:34] [Client thread/INFO] [net.minecraft.client.multiplayer.GuiConnecting]: Connecting to localhost, 25565
[19:58:34] [Netty Client IO #2/INFO] [FML]: Server protocol version 2
[19:58:34] [Client thread/INFO] [FML]: Injecting existing registry data into this client instance
[19:58:34] [Client thread/INFO] [FML]: Registry Block: Found a missing id from the world lightaura:light_block_9
[19:58:34] [Client thread/INFO] [FML]: Registry Block: Found a missing id from the world lightaura:light_block_15
[19:58:34] [Client thread/INFO] [FML]: Registry Block: Found a missing id from the world lightaura:light_block_12
[19:58:35] [Client thread/INFO] [FML]: Applying holder lookups
[19:58:35] [Client thread/INFO] [FML]: Holder lookups applied
[19:58:35] [Netty Client IO #2/INFO] [FML]: [Netty Client IO #2] Client side modded connection established
[19:58:37] [Client thread/INFO] [net.minecraft.client.gui.GuiNewChat]: [CHAT] [§6SecurityCraft§f] Thanks for using SecurityCraft v1.10.1! Tip: Have a suggestion for SecurityCraft or found a bug? Join the official SecurityCraft Discord server (English only)! You'll also receive important updates and announcements regarding SecurityCraft there. https://discord.gg/U8DvBAW
[19:58:37] [Client thread/INFO] [adminshop]: Received shop file:
#ignore rows that start with a '#',,,
,,,
"#Item format: ""modname:item_name:metadata {nbt_data}"" metadata and {nbt_data} are optional. Can also use crafttweaker formatting (eg. ""<modname:item_name:metadata>.withTag{nbt_data}"")",,,
"#Fluid format: ""fluid:fluid_name"" where fluid is literal. Can also use crafttweaker formatting",,,
,,,
"#Other configurations found within adminshop.cfg, such as selling price of Forge Energy",,,
#See the examples below with the default shop,,,
,,,
#Category names for buy and sell. Put the category name in each column after the first,,,
Buy Category Names:,Ores,Books,
Sell Category Names:,Ingots,,
,,,
,,,
"#buy or sell (from player's perspective)",Item/Fluid,Price,Category Index (starting from 0)
buy,minecraft:iron_ore,30,0
buy,minecraft:gold_ore,150,0
buy,minecraft:coal_ore,25,0
buy,minecraft:redstone_ore,25,0
buy,minecraft:lapis_ore,150,0
buy,minecraft:quartz_ore,25,0
buy,minecraft:diamond_ore,300,0
buy,minecraft:emerald_ore,300,0
#,,,
sell,ore:ingotIron,10,0
sell,ore:ingotGold,40,0
sell,minecraft:coal,2.5,0
sell,ore:dustRedstone,2,0
sell,ore:gemLapis,7.5,0
sell,ore:gemQuartz,2.5,0
sell,ore:gemDiamond,50,0
sell,ore:gemEmerald,50,0
#,,,
buy,"minecraft:enchanted_book {StoredEnchantments:[{lvl:5, id:32}]}",1000,1
buy,"minecraft:enchanted_book {StoredEnchantments:[{lvl:3, id:34}]}",500,1
buy,"minecraft:enchanted_book {StoredEnchantments:[{lvl:1, id:33}]}",2000,1
buy,"minecraft:enchanted_book {StoredEnchantments:[{lvl:3, id:35}]}",2000,1
buy,"minecraft:enchanted_book {StoredEnchantments:[{lvl:1, id:70}]}",500,1
buy,"minecraft:enchanted_book {StoredEnchantments:[{lvl:4, id:0}]}",750,1
buy,"minecraft:enchanted_book {StoredEnchantments:[{lvl:5, id:16}]}",1000,1
buy,"minecraft:enchanted_book {StoredEnchantments:[{lvl:5, id:48}]}",2000,1

[19:58:37] [Client thread/INFO] [adminshop]: Loading shop!
[19:58:37] [Client thread/INFO] [STDOUT]: [com.vnator.adminshop.blocks.shop.ShopStock:setShopStock:64]: Category:
[19:58:37] [Client thread/INFO] [STDOUT]: [com.vnator.adminshop.blocks.shop.ShopStock:setShopStock:66]: 	minecraft:iron_ore:0
[19:58:37] [Client thread/INFO] [STDOUT]: [com.vnator.adminshop.blocks.shop.ShopStock:setShopStock:66]: 	minecraft:gold_ore:0
[19:58:37] [Client thread/INFO] [STDOUT]: [com.vnator.adminshop.blocks.shop.ShopStock:setShopStock:66]: 	minecraft:coal_ore:0
[19:58:37] [Client thread/INFO] [STDOUT]: [com.vnator.adminshop.blocks.shop.ShopStock:setShopStock:66]: 	minecraft:redstone_ore:0
[19:58:37] [Client thread/INFO] [STDOUT]: [com.vnator.adminshop.blocks.shop.ShopStock:setShopStock:66]: 	minecraft:lapis_ore:0
[19:58:37] [Client thread/INFO] [STDOUT]: [com.vnator.adminshop.blocks.shop.ShopStock:setShopStock:66]: 	minecraft:quartz_ore:0
[19:58:37] [Client thread/INFO] [STDOUT]: [com.vnator.adminshop.blocks.shop.ShopStock:setShopStock:66]: 	minecraft:diamond_ore:0
[19:58:37] [Client thread/INFO] [STDOUT]: [com.vnator.adminshop.blocks.shop.ShopStock:setShopStock:66]: 	minecraft:emerald_ore:0
[19:58:37] [Client thread/INFO] [STDOUT]: [com.vnator.adminshop.blocks.shop.ShopStock:setShopStock:64]: Category:
[19:58:37] [Client thread/INFO] [STDOUT]: [com.vnator.adminshop.blocks.shop.ShopStock:setShopStock:66]: 	minecraft:enchanted_book:0 {StoredEnchantments:[{lvl:5,id:32}]}
[19:58:37] [Client thread/INFO] [STDOUT]: [com.vnator.adminshop.blocks.shop.ShopStock:setShopStock:66]: 	minecraft:enchanted_book:0 {StoredEnchantments:[{lvl:3,id:34}]}
[19:58:37] [Client thread/INFO] [STDOUT]: [com.vnator.adminshop.blocks.shop.ShopStock:setShopStock:66]: 	minecraft:enchanted_book:0 {StoredEnchantments:[{lvl:1,id:33}]}
[19:58:37] [Client thread/INFO] [STDOUT]: [com.vnator.adminshop.blocks.shop.ShopStock:setShopStock:66]: 	minecraft:enchanted_book:0 {StoredEnchantments:[{lvl:3,id:35}]}
[19:58:37] [Client thread/INFO] [STDOUT]: [com.vnator.adminshop.blocks.shop.ShopStock:setShopStock:66]: 	minecraft:enchanted_book:0 {StoredEnchantments:[{lvl:1,id:70}]}
[19:58:37] [Client thread/INFO] [STDOUT]: [com.vnator.adminshop.blocks.shop.ShopStock:setShopStock:66]: 	minecraft:enchanted_book:0 {StoredEnchantments:[{lvl:4,id:0}]}
[19:58:37] [Client thread/INFO] [STDOUT]: [com.vnator.adminshop.blocks.shop.ShopStock:setShopStock:66]: 	minecraft:enchanted_book:0 {StoredEnchantments:[{lvl:5,id:16}]}
[19:58:37] [Client thread/INFO] [STDOUT]: [com.vnator.adminshop.blocks.shop.ShopStock:setShopStock:66]: 	minecraft:enchanted_book:0 {StoredEnchantments:[{lvl:5,id:48}]}
[19:58:37] [Client thread/INFO] [net.minecraft.client.gui.GuiNewChat]: [CHAT] Welcome back
[19:58:37] [Client thread/INFO] [net.minecraft.client.gui.GuiNewChat]: [CHAT] §4New Season - New IC2 Experience
[19:58:37] [Client thread/INFO] [net.minecraft.advancements.AdvancementList]: Loaded 3 advancements
[19:58:37] [Client thread/INFO] [net.minecraft.client.gui.GuiNewChat]: [CHAT] Logged-in due to Session Reconnection.
[19:58:37] [Client thread/INFO] [net.minecraft.client.gui.GuiNewChat]: [CHAT] Successful login!
[19:58:41] [Netty Client IO #2/INFO] [Galacticraft]: Unregistered Dimension: -30
[19:58:41] [Netty Client IO #2/INFO] [Galacticraft]: Unregistered Dimension: -20
[19:58:41] [Netty Client IO #2/INFO] [Galacticraft]: Unregistered Dimension: -21
[19:58:41] [Netty Client IO #2/INFO] [Galacticraft]: Unregistered Dimension: -15
[19:58:41] [Netty Client IO #2/INFO] [Galacticraft]: Unregistered Dimension: -22
[19:58:41] [Netty Client IO #2/INFO] [Galacticraft]: Unregistered Dimension: -29
[19:58:41] [Netty Client IO #2/INFO] [Galacticraft]: Unregistered Dimension: -13
[19:58:41] [Netty Client IO #2/INFO] [Galacticraft]: Unregistered Dimension: -18
[19:58:41] [Netty Client IO #2/INFO] [Galacticraft]: Unregistered Dimension: -19
[19:58:41] [Netty Client IO #2/INFO] [Galacticraft]: Unregistered Dimension: -16
[19:58:41] [Netty Client IO #2/INFO] [Galacticraft]: Unregistered Dimension: -17
[19:58:41] [Netty Client IO #2/INFO] [Galacticraft]: Unregistered Dimension: -31
[19:58:41] [Netty Client IO #2/INFO] [Galacticraft]: Unregistered Dimension: -1505
[19:58:41] [Netty Client IO #2/INFO] [Galacticraft]: Unregistered Dimension: -1503
[19:58:41] [Netty Client IO #2/INFO] [Galacticraft]: Unregistered Dimension: -1501
[19:58:41] [Netty Client IO #2/INFO] [Galacticraft]: Unregistered Dimension: -1506
[19:58:41] [Netty Client IO #2/INFO] [Galacticraft]: Unregistered Dimension: -1511
[19:58:41] [Netty Client IO #2/INFO] [Galacticraft]: Unregistered Dimension: -1500
[19:58:41] [Netty Client IO #2/INFO] [Galacticraft]: Unregistered Dimension: -28
[19:58:41] [Netty Client IO #2/INFO] [Galacticraft]: Unregistered Dimension: -1509
[19:58:41] [Netty Client IO #2/INFO] [Galacticraft]: Unregistered Dimension: -1502
[19:58:41] [Netty Client IO #2/INFO] [Galacticraft]: Unregistered Dimension: -1507
[19:58:41] [Netty Client IO #2/INFO] [Galacticraft]: Unregistered Dimension: -1508
[19:58:41] [Netty Client IO #2/INFO] [Galacticraft]: Unregistered Dimension: -1510
[19:58:41] [Netty Client IO #2/INFO] [Galacticraft]: Unregistered Dimension: -1504
[19:58:41] [Client thread/INFO] [FML]: Applying holder lookups
[19:58:41] [Client thread/INFO] [FML]: Holder lookups applied
[19:58:44] [Client thread/INFO] [net.minecraft.client.Minecraft]: Stopping!
[19:58:44] [Client thread/INFO] [net.minecraft.client.audio.SoundManager]: SoundSystem shutting down...
[19:58:45] [Client thread/WARN] [net.minecraft.client.audio.SoundManager]: Author: Paul Lamb, www.paulscode.com
